,Population,Stock,PpD,Stock Change,Inflow,Outflow,Stock change
1600,0,,0,0,0.0,,
1601,0,284.43986932566685,0,0,284.43986932566685,0.0,284.43986932566685
1602,0,571.0386025033425,0,0,288.34646945554476,1.7477362778690804,286.5987331776757
1603,0,860.5394175260395,0,0,292.14926588607807,2.648450863381072,289.500815022697
1604,0,1152.8262315429185,0,0,295.849208161284,3.5623941444050047,292.286814016879
1605,0,1447.7842516351,0,0,299.4472446309735,4.489224538792087,294.9580200921814
1606,0,1745.299972435391,0,0,302.94432246308526,5.428601662794165,297.5157208002911
1607,0,2045.2611737337663,0,0,306.34138765602444,6.3801863576491655,299.9612012983753
1608,0,2347.556918068356,0,0,309.6393850509698,7.343640716380094,302.2957443345897
1609,0,2652.077548301696,0,0,312.83925834412935,8.318628110789405,304.52063023333994
1610,0,2958.7147600359795,0,0,315.94202495293746,9.304813218653976,306.6372117342835
1611,0,3267.3743218161667,0,0,318.9614242912389,10.301862511051695,308.65956178018723
1612,0,3578.0023062946384,0,0,321.93750670617027,11.309522227698551,310.6279844784717
1613,0,3890.5867969525566,0,0,324.91223177566286,12.327741117744665,312.5844906579182
1614,0,4205.156161402995,0,0,327.9259661642047,13.35660171376611,314.56936445043857
1615,0,4521.777363115626,0,0,331.0175066902338,14.396304977602938,316.62120171263086
1616,0,4840.554300648568,0,0,334.22410335044947,15.447165817507766,318.7769375329417
1617,0,5161.626174291841,0,0,337.58148230167467,16.50960865840102,321.07187364327365
1618,0,5485.1658800272735,0,0,341.12386880091225,17.58416306548014,323.5397057354321
1619,0,5811.378430710013,0,0,344.88401010419136,18.671459421451686,326.2125506827397
1620,0,6140.498742107922,0,0,348.89253605552597,19.772224657616903,329.12031139790906
1621,0,6472.769192693444,0,0,353.1577245553587,20.88727396983694,332.27045058552176
1622,0,6808.414506261324,0,0,357.66269371381605,22.01738014593576,335.6453135678803
1623,0,7147.640873939762,0,0,362.38955526227494,23.163187583837157,339.2263676784378
1624,0,7490.636469406316,0,0,367.3208786356877,24.325283169133854,342.9955954665538
1625,0,7837.5719532218745,0,0,372.4396858373399,25.504202021781225,346.93548381555865
1626,0,8188.600970812135,0,0,377.72944631472154,26.70042872446146,351.0290175902601
1627,0,8543.860644117238,0,0,383.1740718463722,27.91439854126901,355.2596733051032
1628,0,8903.472056929939,0,0,388.7579114395203,29.146498626819266,359.611412812701
1629,0,9267.540733942784,0,0,394.46574623845675,30.397069225611745,364.068677012845
1630,0,9636.158953651133,0,0,400.2846245699368,31.666404861587807,368.618219708349
1631,0,10009.428458432127,0,0,406.2242716055269,32.95476682453301,373.2695047809939
1632,0,10387.474615482679,0,0,412.30867250018866,34.26251544963645,378.0461570505522
1633,0,10770.445415888735,0,0,418.56092860377686,35.59012819772107,382.9708004060558
1634,0,11158.510260816356,0,0,425.00299553488713,36.938150607265754,388.0648449276214
1635,0,11551.858771930127,0,0,431.6557032146716,38.30719210090092,393.34851111377066
1636,0,11950.69962509368,0,0,438.5387758705344,39.69792270698025,398.84085316355413
1637,0,12355.259407272832,0,0,445.6708520104513,41.1110698313006,404.5597821791507
1638,0,12765.78149656218,0,0,453.06950436828714,42.54741507893863,410.5220892893485
1639,0,13182.524965256343,0,0,460.75125982071296,44.00779112654965,416.7434686941633
1640,0,13605.761778529592,0,0,468.72989191871517,45.49307864546705,423.2368132732481
1641,0,14035.765676497907,0,0,477.00809063009496,47.004192661779086,430.00389796831587
1642,0,14472.808019662376,0,0,485.58436611464293,48.542022950174385,437.04234316446855
1643,0,14917.157480924669,0,0,494.45690359859043,50.10744233629782,444.3494612622926
1644,0,15369.079741565642,0,0,503.6235781116072,51.70131747063414,451.92226064097304
1645,0,15828.837197027924,0,0,513.0819633230783,53.32450786079585,459.75745546228245
1646,0,16296.688672486138,0,0,522.8293403695013,54.9778649112875,467.8514754582138
1647,0,16772.889148170634,0,0,532.862706672971,56.662230988474676,476.20047568449627
1648,0,17257.6894944106,0,0,543.1787847513194,58.378438511354716,484.8003462399647
1649,0,17751.336217112075,0,0,553.7740317692907,60.12730906781428,493.6467227014764
1650,0,18254.072656995388,0,0,564.6460924445778,61.909652561265375,502.7364398833124
1651,0,18766.143093685754,0,0,575.7967119445932,63.72627525422672,512.0704366903665
1652,0,19287.793072163768,0,0,587.227979737795,65.57800125978144,521.6499784780135
1653,0,19819.26887659564,0,0,598.9414664735832,67.46566204170995,531.4758044318733
1654,0,20360.81702239017,0,0,610.938237934778,69.39009214025009,541.548145794528
1655,0,20912.683763738052,0,0,623.2188689764833,71.35212762859999,551.8667413478834
1656,0,21475.11461658101,0,0,635.7834574514119,73.3526046084545,562.4308528429574
1657,0,22048.353896957964,0,0,648.6316381222043,75.39235774524991,573.2392803769544
1658,0,22632.64427467643,0,0,661.7625965609859,77.4722188425203,584.2903777184656
1659,0,23228.22628078619,0,0,675.1750215660684,79.59301545630638,595.582006109762
1660,0,23835.333353920127,0,0,688.8626423052906,81.75556917135555,607.107073133935
1661,0,24454.184155367948,0,0,702.8114680464018,83.9606665985807,618.8508014478211
1662,0,25084.98208105263,0,0,717.006952759873,86.2090270751919,630.7979256846811
1663,0,25727.915498591847,0,0,731.4347403482292,88.50132280901141,642.9334175392178
1664,0,26383.157984431473,0,0,746.0806674531702,90.83818161354407,655.2424858396262
1665,0,27050.86856331976,0,0,760.9307662655948,93.22018737730752,667.7105788882873
1666,0,27731.191950112363,0,0,775.9712673385815,95.64788054597864,680.3233867926028
1667,0,28424.258793898473,0,0,791.188602403179,98.12175861706942,693.0668437861095
1668,0,29130.18592443855,0,0,806.5694071875662,100.64227664749001,705.9271305400762
1669,0,29849.076325904305,0,0,822.1002492394553,103.20984777369881,718.8904014657564
1670,0,30581.013746489523,0,0,837.762262640047,105.82484205482876,731.9374205852182
1671,0,31326.05798554974,0,0,853.5317922468006,108.4875531865822,745.0442390602184
1672,0,32084.245517577463,0,0,869.3857176333815,111.19818560566023,758.1875320277213
1673,0,32855.59030458906,0,0,885.3016593135123,113.95687230191629,771.344787011596
1674,0,33640.08459767322,0,0,901.2579706520354,116.76367756787101,784.4942930841644
1675,0,34437.69972838929,0,0,917.2337297906654,119.61859907459643,797.615130716069
1676,0,35248.386890045374,0,0,933.2087315886599,122.5215699325779,810.687161656082
1677,0,36072.077908886495,0,0,949.1634795776966,125.47246073657641,823.6910188411202
1678,0,36908.68600522279,0,0,965.0791779312573,128.47108159495895,836.6080963362983
1679,0,37758.10549406391,0,0,980.9366729844105,131.5171841432957,849.4194888411148
1680,0,38620.203217258626,0,0,996.7081802818743,134.6104570871562,862.0977231947181
1681,0,39494.814935539915,0,0,1012.3621924431924,137.75047416190375,874.6117182812886
1682,0,40381.74680232551,0,0,1027.8685643700328,140.9366975844341,886.9318667855987
1683,0,41280.77684020019,0,0,1043.1985355446056,144.1684976699296,899.030037874676
1684,0,42191.65638880912,0,0,1058.324705604783,147.44515699585372,910.8795486089293
1685,0,43114.11152439377,0,0,1073.2210099467254,150.7658743620766,922.4551355846488
1686,0,44047.844451056764,0,0,1087.862695354195,154.12976869119825,933.7329266629968
1687,0,44992.534863842804,0,0,1102.2262956545403,157.5358828685005,944.6904127860398
1688,0,45947.841283721646,0,0,1116.289607399649,160.9831875208074,955.3064198788416
1689,0,46913.4009726954,0,0,1130.0302737087925,164.47058473503535,965.5596889737571
1690,0,47888.825027538114,0,0,1143.4209580049376,167.9969031622261,975.4240548427115
1691,0,48873.69829763961,0,0,1156.4341379187815,171.5608678172855,984.873270101496
1692,0,49867.58110577876,0,0,1169.0439222561567,175.16111411700922,993.8828081391475
1693,0,50870.01092296304,0,0,1181.226015560312,178.7961983760299,1002.429817184282
1694,0,51880.504003011636,0,0,1192.9576825731797,182.46460252458337,1010.4930800485963
1695,0,52898.55697700373,0,0,1204.217712725682,186.1647387335854,1018.0529739920967
1696,0,53923.64840771532,0,0,1214.9863846571182,189.8949539455291,1025.091430711589
1697,0,54955.24030416614,0,0,1225.2454307623784,193.653534311562,1031.5918964508164
1698,0,55992.779594955566,0,0,1234.9780003236356,197.4387095342081,1037.5392907894275
1699,0,57035.699131350244,0,0,1244.1681935006682,201.24865710598988,1042.9195363946783
1700,0,58083.41808382855,0,0,1252.800456290093,205.08150381179053,1047.7189524783025
1701,0,59135.343232407424,0,0,1260.8604735323,208.93532495342265,1051.9251485788773
1702,0,60190.87036946712,0,0,1268.335287983764,212.80815092406738,1055.5271370596965
1703,0,61249.38566050035,0,0,1275.2132628191293,216.6979717858967,1058.5152910332326
1704,0,62310.266963393165,0,0,1281.4840441568683,220.6027412640558,1060.8813028928125
1705,0,63372.88510636266,0,0,1287.13852360675,224.5203806372583,1062.6181429694916
1706,0,64436.605124675654,0,0,1292.1688008376111,228.448782524614,1063.7200183129971
1707,0,65500.78745627328,0,0,1296.5681461660347,232.38581456840575,1064.182331597629
1708,0,66564.78917347794,0,0,1300.3310402168597,236.3293230122024,1064.0017172046573
1709,0,67627.96820571745,0,0,1303.4561688865667,240.27713664705675,1063.17903223951
1710,0,68689.6883071724,0,0,1305.9471905037112,244.22708904876117,1061.72010145495
1711,0,69749.31995233639,0,0,1307.8086815309791,248.1770363669923,1059.6316451639868
1712,0,70806.24092147422,0,0,1309.0458170202905,252.12484788245592,1056.9209691378346
1713,0,71859.83685942511,0,0,1309.6643449996188,256.068407048733,1053.5959379508859
1714,0,72909.50180693263,0,0,1309.670560867907,260.0056133603823,1049.6649475075246
1715,0,73954.63870458274,0,0,1309.0712817967485,263.93438414663774,1045.1368976501108
1716,0,74994.65986943223,0,0,1307.8738211383118,267.85265628882394,1040.0211648494878
1717,0,76028.98744440974,0,0,1306.085962839307,271.75838786180134,1034.3275749775057
1718,0,77057.05430808732,0,0,1303.7164233774758,275.649559699895,1028.0668636775808
1719,0,78078.31139533618,0,0,1300.7812671294364,279.5241798805787,1021.2570872488577
1720,0,79092.23278464662,0,0,1297.3017155266382,283.3803262161921,1013.9213893104461
1721,0,80098.31544821693,0,0,1293.2988192125779,287.21615564226545,1006.0826635703124
1722,0,81096.07888424266,0,0,1288.7933236501206,291.02988762439895,997.7634360257216
1723,0,82085.06474715949,0,0,1283.8056660015993,294.8198030847691,988.9858629168302
1724,0,83064.83647544755,0,0,1278.3559720041374,298.5842437160752,979.7717282880621
1725,0,84034.97891700489,0,0,1272.4640528373563,302.3216112800144,970.142441557342
1726,0,84995.09795209982,0,0,1266.1494019858567,306.0303668909239,960.1190350949328
1727,0,85944.8201139108,0,0,1259.4311920939103,309.70903028293424,949.7221618109761
1728,0,86883.79342850969,0,0,1252.3294936620218,313.3561790631352,938.9733145988866
1729,0,87811.69515688342,0,0,1244.8721838288564,316.9704554551224,927.9017283737339
1730,0,88728.2342217621,0,0,1237.0896766358667,320.5506117571815,916.5390648786852
1731,0,89633.15012061836,0,0,1229.0114011218511,324.0955022655953,904.9158988562558
1732,0,90526.21186320252,0,0,1220.6658123250534,327.6040697408905,893.0617425841629
1733,0,91407.21693429346,0,0,1212.0804138292344,331.07534273829265,881.0050710909418
1734,0,92275.99028156138,0,0,1203.2817802976326,334.5084330297225,868.7733472679101
1735,0,93132.38332847365,0,0,1194.2955799964932,337.90253308422166,856.3930469122715
1736,0,93976.2730121755,0,0,1185.1465973070913,341.2569136052366,843.8896837018547
1737,0,94807.5608463971,0,0,1175.8587553473478,344.5709211257488,831.287834221599
1738,0,95626.17362253068,0,0,1166.4567517961639,347.8439756625828,818.6127761335811
1739,0,96432.06802020616,0,0,1156.969976016994,351.07557834151226,805.8943976754817
1740,0,97225.2305456634,0,0,1147.4278635284418,354.26533807119904,793.1625254572427
1741,0,98005.6762493311,0,0,1137.8586613445877,357.41295767689735,780.4457036676904
1742,0,98773.44749233131,0,0,1128.2894696996193,360.51822669940543,767.7712430002139
1743,0,99528.61275787218,0,0,1118.7462837647638,363.58101822389494,755.1652655408689
1744,0,100271.26550740648,0,0,1109.254035359525,366.60128582522157,742.6527495343034
1745,0,101001.52308143633,0,0,1099.8366346563025,369.5790606264536,730.2575740298489
1746,0,101719.52564484384,0,0,1090.5170118821575,372.5144484746438,718.0025634075137
1747,0,102425.43518408516,0,0,1081.3171664727854,375.40762723147077,705.9095392413146
1748,0,103119.43534290252,0,0,1072.2590030435572,378.2588442261954,694.0001588173618
1749,0,103801.73194946084,0,0,1063.3650252420964,381.06841868377956,682.2966065583169
1750,0,104472.5521804932,0,0,1054.656976876138,383.83674584376945,670.8202310323686
1751,0,105132.14360814945,0,0,1046.1557182571614,386.5642906009216,659.5914276562398
1752,0,105780.77329789917,0,0,1037.8812742937907,389.25158454406755,648.6296897497232
1753,0,106418.72695682618,0,0,1029.8528825877622,391.8992236607485,637.9536589270137
1754,0,107046.30813218438,0,0,1022.0890415357233,394.5078661775285,627.5811753581947
1755,0,107663.83746008147,0,0,1014.6075584370684,397.0782305399754,617.529327897093
1756,0,108271.65196416127,0,0,1007.4255976091283,399.61109352933113,607.8145040797972
1757,0,108870.10435851688,0,0,1000.5596828748961,402.10728851928377,598.4523943556123
1758,0,109459.56129606764,0,0,994.0246411417332,404.567703590977,589.4569375507563
1759,0,110040.4016695773,0,0,987.8336466504663,406.99327314080097,580.8403735096654
1760,0,110613.01616280971,0,0,981.9994662185105,409.38497298610093,572.6144932324096
1761,0,111177.80690001285,0,0,976.5345601752349,411.7438229721017,564.7907372031332
1762,0,111735.18713702995,0,0,971.4511233884931,414.07088637138975,557.3802370171034
1763,0,112285.58099411812,0,0,966.7611263068976,416.3672692187248,550.3938570881728
1764,0,112829.42323036608,0,0,962.4763560164035,418.63411976844213,543.8422362479614
1765,0,113367.15905960892,0,0,958.6084573147547,420.87262807191485,537.7358292428398
1766,0,113899.24400773425,0,0,955.1689738029412,423.08402567761675,532.0849481253244
1767,0,114426.14352767951,0,0,952.1691053972024,425.26958545194043,526.899519945262
1768,0,114948.33000553069,0,0,949.6170976329494,427.43061978176854,522.1864778511808
1769,0,115466.28113117852,0,0,947.5195891192225,429.56846347139344,517.951125647829
1770,0,115980.48008024547,0,0,945.8834219784148,431.6844729114637,514.1989490669512
1771,0,116491.41573899721,0,0,944.7156909706572,433.78003221891765,510.93565875173954
1772,0,116999.58295353569,0,0,944.023768665436,435.856554126956,508.16721453848004
1773,0,117505.48280329468,0,0,943.8153306318907,437.9154808728979,505.8998497589928
1774,0,118009.62289877606,0,0,944.0983806484478,439.95828516707525,504.14009548137255
1775,0,118512.51770347341,0,0,944.8812759330887,441.98647123573585,502.8948046973528
1776,0,119014.68887992541,0,0,946.1727523943455,444.00157594234497,502.1711764520005
1777,0,119516.66498859621,0,0,947.981278657475,446.00516998667274,501.9761086708022
1778,0,120018.97843641165,0,0,950.3123028715142,447.9988550560754,502.31344781543885
1779,0,120522.16490136155,0,0,953.1707109873305,449.9842460374266,503.1864649499039
1780,0,121026.76390373583,0,0,956.5619791362701,451.9629767619922,504.5990023742779
1781,0,121533.31937980835,0,0,960.4921813514397,453.9367052789189,506.55547607252083
1782,0,122042.38026088543,0,0,964.967996720251,455.9071156431719,509.0608810770791
1783,0,122554.50105771495,0,0,969.996716554003,457.87591972448274,512.1207968295203
1784,0,123070.24245024561,0,0,975.58625157137,459.844859040709,515.741392530661
1785,0,123590.17188273004,0,0,981.7451390998773,461.81570661545413,519.9294324844232
1786,0,124114.86416263806,0,0,988.482548765434,463.7902688574137,524.6922799080203
1787,0,124644.90108233517,0,0,995.8073071548276,465.77038745771256,530.0369196971151
1788,0,125180.8693802794,0,0,1003.7262332189808,467.7579352747513,535.9682979442296
1789,0,125723.36096667274,0,0,1012.2463913752367,469.7548049818947,542.491586393342
1790,0,126272.9735878809,0,0,1021.3755378577303,471.76291664957216,549.6126212081581
1791,0,126830.3114798069,0,0,1031.1221130834608,473.7842211574614,557.3378919259994
1792,0,127395.9860116426,0,0,1041.495234025041,475.8207021893422,565.6745318356989
1793,0,127970.61632002413,0,0,1052.504686591173,477.87437820964374,574.6303083815292
1794,0,128554.82993362285,0,0,1064.1609180139426,479.9473044152187,584.2136135987239
1795,0,129149.2633881962,0,0,1076.475029242503,482.04157466915944,594.4334545733436
1796,0,129754.56281470496,0,0,1089.4587499189902,484.15932341022835,605.2994265087618
1797,0,130371.38359109778,0,0,1103.123503826737,486.3027274339149,616.8207763928222
1798,0,131000.38952359694,0,0,1117.4799345097865,488.4740020106267,629.0059324991598
1799,0,131642.25330967415,0,0,1132.5391830273095,490.6753969500953,641.8637860772142
1800,0,132297.65709378998,0,0,1148.3129860816427,492.9092019658149,655.4037841158279
1801,0,132967.29300432352,0,0,1164.8136592556175,495.1777487220743,669.6359105335432
1802,0,133651.8636720966,0,0,1182.054080248997,497.4834124759193,684.5706677730777
1803,0,134352.08273053527,0,0,1200.0476721105056,499.8286136718357,700.2190584386699
1804,0,135068.67529752263,0,0,1218.8083864690864,502.2158194817323,716.5925669873541
1805,0,135802.37843898483,0,0,1238.3506867598937,504.6475452976904,733.7031414622033
1806,0,136553.9415846482,0,0,1258.6895018330638,507.1263561697074,751.5631456633564
1807,0,137324.12644258802,0,0,1279.8397259532537,509.6548680134181,770.1848579398356
1808,0,138113.70696856087,0,0,1301.8162718580895,512.2357458852382,789.5805259728513
1809,0,138923.4697289214,0,0,1324.6344644764238,514.8717041159023,809.7627603605215
1810,0,139754.21425420087,0,0,1348.3100339758087,517.5655086963372,830.7445252794714
1811,0,140606.7533711572,0,0,1372.859095368116,520.3199784117933,852.5391169563227
1812,0,141481.9135133888,0,0,1398.2981281046928,523.1379858730766,875.1601422316162
1813,0,142380.53501056906,0,0,1424.6439556612152,526.0224584809605,898.6214971802547
1814,0,143303.4723563497,0,0,1451.9137251111063,528.9763793304703,922.937345780636
1815,0,144251.59445499,0,0,1480.1248866880453,532.0027880477394,948.1220986403059
1816,0,145225.78485565793,0,0,1509.2951822323582,535.1047815644331,974.1904006679251
1817,0,146226.94202690557,0,0,1539.4426861300328,538.2855148823894,1001.1571712476434
1818,0,147255.97957486525,0,0,1570.585750082826,541.5482021231419,1029.0375479596842
1819,0,148313.8264086586,0,0,1602.7429509030337,544.8961171096746,1057.846833793359
1820,0,149401.4268850669,0,0,1635.933070206712,548.3325937984221,1087.60047640829
1821,0,150519.7409326077,0,0,1670.175074281654,551.861026740854,1118.3140475408
1822,0,151669.7441550662,0,0,1705.4880939422058,555.4848714837046,1150.003222458501
1823,0,152852.42791452885,0,0,1741.8914043664618,559.2076449038204,1182.6837594626413
1824,0,154068.799393969,0,0,1779.404404918718,563.0329254785577,1216.3714794401603
1825,0,155319.88163943295,0,0,1818.0465989550012,566.9643534910592,1251.082245463942
1826,0,156606.71373941892,0,0,1857.8377311559432,571.0056311699716,1286.8320999859716
1827,0,157930.3514678537,0,0,1898.7982521691881,575.1605237344045,1323.6377284347836
1828,0,159291.8674534957,0,0,1940.948848507976,579.4328628659691,1361.5159856420069
1829,0,160692.35117830985,0,0,1984.3102706861882,583.8265458720471,1400.4837248141412
1830,0,162132.9089590565,0,0,2028.9033159763653,588.3455352297037,1440.5577807466616
1831,0,163614.66391165703,0,0,2074.7488111505336,592.9938585500167,1481.7549526005168
1832,0,165138.75589837832,0,0,2121.8675952058875,597.7756084845932,1524.0919867212942
1833,0,166706.3414578748,0,0,2170.280502071791,602.6949425753096,1567.5855594964814
1834,0,168318.59371812764,0,0,2220.0083433007735,607.7560830479401,1612.2522602528334
1835,0,169976.7022950134,0,0,2271.071893434418,612.9633165486443,1658.1085768857738
1836,0,171681.87363892098,0,0,2323.49233774537,618.3209938378018,1705.1713439075684
1837,0,173435.33192112632,0,0,2377.2918144837895,623.8335322784551,1753.4582822053344
1838,0,175238.31907174943,0,0,2432.492570904215,629.5054202811011,1802.9871506231138
1839,0,177092.09468305315,0,0,2489.1168262044966,635.341214900779,1853.7756113037176
1840,0,178997.93590061765,0,0,2547.186758742085,641.345541177579,1905.8412175645062
1841,0,180957.13730203494,0,0,2606.724493235265,647.5230918179759,1959.2014014172892
1842,0,182971.01076315483,0,0,2667.7520879509175,653.8786268310287,2013.8734611198888
1843,0,185040.8853119102,0,0,2730.2915218767216,660.4169731213392,2069.8745487553824
1844,0,187168.10696975043,0,0,2794.364681877249,667.1430240370341,2127.221657840215
1845,0,189354.0386200281,0,0,2859.9933891563423,674.0617388786786,2185.9316502776637
1846,0,191600.0610983197,0,0,2927.200620890306,681.1781425986865,2246.0224782916193
1847,0,193907.57458399536,0,0,2996.010818604457,688.4973329288086,2307.5134856756486
1848,0,196277.998618625,0,0,3066.4485202835153,696.024485653887,2370.4240346296283
1849,0,198712.77203777753,0,0,3138.5382696922416,703.7648505397037,2434.773419152538
1850,0,201213.35289787198,0,0,3212.3046109962456,711.7237509017873,2500.5808600944583
1851,0,203781.21839783472,0,0,3287.7720833742073,719.9065834114749,2567.8654999627324
1852,0,206417.8647955763,0,0,3364.965215626048,728.3188178844784,2636.6463977415697
1853,0,209124.80731930071,0,0,3443.9085207726553,736.9659970482267,2706.9425237244286
1854,0,211903.5800736658,0,0,3524.626490651832,745.8537362867482,2778.7727543650835
1855,0,214755.73618316054,0,0,3607.1438328637264,754.9877233689872,2852.156109494739
1856,0,217682.85071076785,0,0,3691.488247249746,764.3737196424386,2927.1145276073075
1857,0,220686.5227532685,0,0,3777.6896200588844,774.0175775582202,3003.6720425006642
1858,0,223768.37563771184,0,0,3865.778129185752,783.9252447424205,3081.8528844433313
1859,0,226930.0570934592,0,0,3955.7842146510066,794.1027589036366,3161.68145574737
1860,0,230173.23943045337,0,0,4047.738585371186,804.5562483770304,3243.182336994156
1861,0,233499.61972360627,0,0,4141.672225945847,815.2919327929403,3326.3802931529062
1862,0,236910.9200032925,0,0,4237.616403452741,826.3161237665136,3411.3002796862274
1863,0,240408.88745194915,0,0,4335.602674261078,837.6352256044274,3497.967448656651
1864,0,243995.2946067761,0,0,4435.6628908566,849.2557360296578,3586.407154826942
1865,0,247671.9410241249,0,0,4537.830664274014,861.1842469251942,3676.6464173488203
1866,0,251440.662329567,0,0,4642.148759481721,873.42745403962,3768.721305442101
1867,0,255303.3342162686,0,0,4748.664094354445,885.9922076528719,3862.6718867015734
1868,0,259261.87339299454,0,0,4857.424686598524,898.8855098725671,3958.539176725957
1869,0,263318.2385674761,0,0,4968.479683022171,912.1145085406133,4056.365174481558
1870,0,267474.4314605066,0,0,5081.879393717227,925.6865006867556,4156.192893030471
1871,0,271732.49785070855,0,0,5197.6753263065675,939.6089361045942,4258.066390201973
1872,0,276094.5286499352,0,0,5315.920220257491,953.8894210308299,4362.030799226661
1873,0,280562.6610092665,0,0,5436.6680812643,968.5357219330008,4468.132359331299
1874,0,285139.0794589616,0,0,5559.974219095479,983.5557694003737,4576.418449695106
1875,0,289826.02378615213,0,0,5685.901989353944,998.957662163426,4686.944327190518
1876,0,294625.8115671405,0,0,5814.537493411509,1014.7497124231295,4799.787780988379
1877,0,299540.8448867035,0,0,5945.9738804164635,1030.940560853499,4915.033319562965
1878,0,304573.6132978688,0,0,6080.307561350425,1047.539150185089,5032.768411165336
1879,0,309726.69687462784,0,0,6217.638300482408,1064.554723723376,5153.083576759032
1880,0,315002.7693455793,0,0,6358.069307010716,1081.9968360592402,5276.072470951476
1881,0,320404.60130840837,0,0,6501.707326894444,1099.8753640653958,5401.831962829048
1882,0,325935.063525104,0,0,6648.662734878817,1118.2005181831628,5530.462216695654
1883,0,331597.1302978227,0,0,6799.049626715299,1136.9828539966184,5662.066772718681
1884,0,337393.88332146197,0,0,6952.9863077392065,1156.2332840999434,5796.753023639263
1885,0,343328.545244662,0,0,7110.625015883193,1175.9630926831842,5934.6619232000085
1886,0,349404.5357164763,0,0,7272.174603082194,1196.1841312678425,6075.990471814352
1887,0,355625.4840807168,0,0,7437.857427029342,1216.9090627888754,6220.948364240467
1888,0,361995.23772226967,0,0,7607.904913095973,1238.151271543099,6369.753641552874
1889,0,368517.8706276556,0,0,7782.557783598621,1259.9248782126988,6522.632905385923
1890,0,375197.6921452897,0,0,7962.066287569229,1282.2447699351396,6679.821517634089
1891,0,382039.25594522344,0,0,8146.6904310398195,1305.1266311060563,6841.563799933763
1892,0,389047.36917816394,0,0,8336.700207842863,1328.5869749023695,7008.113232940494
1893,0,396227.1018335574,0,0,8532.37583094097,1352.643175547486,7179.732655393484
1894,0,403583.80087451776,0,0,8734.012542256634,1377.3135012962885,7356.699040960346
1895,0,411123.1967600002,0,0,8942.01306177585,1402.617176293419,7539.3958854824305
1896,0,418851.5106316204,0,0,9156.888867382362,1428.5749957621392,7728.313871620223
1897,0,426775.47767781565,0,0,9379.176712199314,1455.2096660040806,7923.967046195234
1898,0,434901.7743721582,0,0,9608.842322498695,1482.5456281561237,8126.296694342571
1899,0,443236.2993522797,0,0,9845.130454369732,1510.6054742482647,8334.524980121467
1900,0,451787.3292319002,0,0,10090.437147647095,1539.4072680265635,8551.029879620532
1901,0,460563.72606498987,0,0,10345.38294727173,1568.9861141820838,8776.396833089646
1902,0,469574.96447634004,0,0,10610.612003986129,1599.3735926359532,9011.238411350176
1903,0,478831.15367061645,0,0,10886.792549034879,1630.6033547584739,9256.189194276405
1904,0,488343.0877596231,0,0,11174.64529037491,1662.7112013682872,9511.934089006623
1905,0,498122.5250517215,0,0,11475.17262590136,1695.7353338029425,9779.437292098417
1906,0,508182.3610755384,0,0,11789.553950267069,1729.717926450172,10059.836023816897
1907,0,518536.67326550087,0,0,12119.017544267826,1764.7053543053444,10354.312189962482
1908,0,529200.7656349082,0,0,12464.840325025709,1800.7479556183516,10664.092369407357
1909,0,540191.2142569253,0,0,12828.34880827769,1837.9001862606383,10990.448622017051
1910,0,551525.913546737,0,0,13210.920070670665,1876.22078085889,11334.699289811775
1911,0,563224.1233418143,0,0,13613.98271205334,1915.7729169761242,11698.209795077215
1912,0,575306.5167772475,0,0,14039.017817766913,1956.624382333639,12082.393435433274
1913,0,587795.2289531208,0,0,14487.55992094215,1998.847745068926,12488.712175873225
1914,0,600713.9712288452,0,0,14961.262802755125,2042.5205270307051,12918.74227572442
1915,0,614088.3833977832,0,0,15462.137947433996,2087.7257784960275,13374.412168937968
1916,0,627946.1867423083,0,0,15992.357261153566,2134.5539166284016,13857.803344525164
1917,0,642317.2565065353,0,0,16554.17238624713,2183.1026220201056,14371.069764227024
1918,0,657233.6957798324,0,0,17149.91611883987,2233.47684554278,14916.439273297088
1919,0,672729.9105406803,0,0,17782.00383249994,2285.789071652085,15496.214760847855
1920,0,688842.6858563878,0,0,18452.934901887013,2340.159586179463,16112.77531570755
1921,0,705611.2632341854,0,0,19165.294126405395,2396.716748607825,16768.57737779757
1922,0,723077.4191192262,0,0,19921.75315385176,2455.5972688110014,17466.15588504076
1923,0,741285.5437171694,0,0,20725.07108619944,2516.9464882561697,18208.12459794327
1924,0,760282.4705380966,0,0,21577.84548156034,2580.918660633157,18996.926820927183
1925,0,780116.9376124932,0,0,22482.142775112876,2647.6757007163214,19834.467074396554
1926,0,800839.543530868,0,0,23439.990343271504,2717.3844248966598,20722.605918374844
1927,0,822502.7892660914,0,0,24453.463680580357,2790.2179453569515,21663.245735223405
1928,0,845161.1201311952,0,0,25524.68695427453,2866.3560891707784,22658.33086510375
1929,0,868870.9681368556,0,0,26655.833558841943,2945.985553181483,23709.84800566046
1930,0,893690.7947469444,0,0,27849.126670587917,3029.300060499103,24819.826610088814
1931,0,919681.1340305323,0,0,29106.83980219125,3116.500518603374,25990.339283587877
1932,0,946904.6362087622,0,0,30431.29735727196,3207.795179042103,27223.502178229857
1933,0,975426.0510862863,0,0,31824.81467626115,3303.3997987370167,28521.414877524134
1934,0,1005309.7640202946,0,0,33287.25036507295,3403.537431064615,29883.712934008334
1935,0,1036616.371329534,0,0,34815.030669985244,3508.42336074591,31306.607309239334
1936,0,1069402.2485460506,0,0,36404.12875538458,3618.2515388679385,32785.877216516645
1937,0,1103719.331666235,0,0,38050.28541559841,3733.2022954139247,34317.083120184485
1938,0,1139614.894004798,0,0,39749.00460118878,3853.4422626258674,35895.562338562915
1939,0,1177131.3193573167,0,0,41495.548945242386,3979.1235927237067,37516.42535251868
1940,0,1216305.8714859202,0,0,43284.935289668436,4110.383161064987,39174.55212860345
1941,0,1257170.459942652,0,0,45111.93021148919,4247.341754757435,40864.588456731755
1942,0,1299751.4022450221,0,0,46971.04554913354,4390.103246763327,42580.94230237021
1943,0,1344068.9842361275,0,0,48856.335746603385,4538.7537554980445,44317.58199110534
1944,0,1390134.3106339471,0,0,50758.68597005728,4693.359572237605,46065.32639781968
1945,0,1437946.7366321427,0,0,52666.37504352538,4853.949045329842,47812.42599819554
1946,0,1487493.352512714,0,0,54567.122106475785,5020.506225904479,49546.615880571306
1947,0,1538748.507471322,0,0,56448.130304793944,5192.975346185849,51255.154958608095
1948,0,1591673.3265893494,0,0,58296.078401899504,5371.259283872161,52924.81911802734
1949,0,1646215.2211394052,0,0,60097.11238986855,5555.217839812816,54541.89455005573
1950,0,1702307.3922511442,0,0,61836.8371005587,5744.6659888196955,56092.17111173901
1951,0,1759868.3279641438,0,0,63500.30781672749,5939.372103727823,57560.935712999664
1952,0,1818801.2936945907,0,0,65072.02188315833,6139.056152711477,58932.96573044686
1953,0,1878995.1306173329,0,0,66537.22479268453,6343.387869942337,60193.83692274219
1954,0,1940332.8143596994,0,0,67889.67671878784,6551.992976421345,61337.6837423665
1955,0,2002695.1007748118,0,0,69126.78953700069,6764.5031218882505,62362.28641511244
1956,0,2065960.5433272754,0,0,70245.99472347762,6980.552171014002,63265.44255246362
1957,0,2130005.510372095,0,0,71244.73216619907,7199.765121379693,64044.96704481938
1958,0,2194704.2033857084,0,0,72120.45111349299,7421.758099879415,64698.69301361358
1959,0,2259928.6761082513,0,0,72870.6111225523,7646.138400009368,65224.47272254294
1960,0,2325548.854593418,0,0,73492.68300795395,7872.504522787203,65620.17848516675
1961,0,2391432.5581622845,0,0,73984.14979017945,8100.446221312974,65883.70356886648
1962,0,2457445.5214069085,0,0,74342.50779360266,8329.544548978694,66012.96324462397
1963,0,2523453.5036095898,0,0,74567.35411490948,8559.371912228235,66007.98220268125
1964,0,2589329.785319135,0,0,74665.78665666844,8789.504947123147,65876.28170954529
1965,0,2654957.1628368017,0,0,74646.94170234524,9019.564184678573,65627.37751766667
1966,0,2720228.3850677484,0,0,74520.42586125445,9249.203630307806,65271.222230946645
1967,0,2785046.601241074,0,0,74296.32365739618,9478.107484070511,64818.216173325665
1968,0,2849325.8146381173,0,0,73985.20511828989,9705.991721246595,64279.21339704329
1969,0,2912991.342304118,0,0,73598.1333638161,9932.605697815452,63665.52766600065
1970,0,2975980.280718424,0,0,73146.6721950457,10157.733780739785,62988.938414305914
1971,0,3038241.9773984863,0,0,72642.89368308197,10381.197003019523,62261.69668006245
1972,0,3099738.484711475,0,0,72099.36205644926,10602.854743460397,61496.50731298886
1973,0,3160442.4360607937,0,0,71526.55763478257,10822.606285464077,60703.95134931849
1974,0,3220332.4884552513,0,0,70930.42899221614,11040.376597758514,59890.05239445763
1975,0,3279393.0075915204,0,0,70316.61410023761,11256.094963968499,59060.51913626911
1976,0,3337614.2779561793,0,0,69690.97739385128,11469.707029192374,58221.27036465891
1977,0,3394992.7137112236,0,0,69059.61294438769,11681.177189343463,57378.43575504422
1978,0,3451531.0719912257,0,0,68428.8476323157,11890.489352313554,56538.35828000214
1979,0,3507238.6686019613,0,0,67805.24432004569,12097.647709310055,55707.596610735636
1980,0,3562131.596110367,0,0,67195.60502474903,12302.67751634316,54892.927508405875
1981,0,3616232.9443156617,0,0,66606.9740911622,12505.625885867747,54101.34820529446
1982,0,3669572.9050695924,0,0,66046.52334244538,12706.562588514644,53339.96075393073
1983,0,3722185.952620418,0,0,65518.62769051802,12905.580139692618,52613.0475508254
1984,0,3774107.7241352797,0,0,65024.54778416972,13102.776269307877,51921.771514861844
1985,0,3825374.8830778506,0,0,64565.40233872972,13298.24339615881,51267.15894257091
1986,0,3876025.1256254786,0,0,64142.319865903955,13492.077318275951,50650.242547628004
1987,0,3926097.186514004,0,0,63756.4386011755,13684.377712649934,50072.060888525564
1988,0,3975630.8447764977,0,0,63408.90643119404,13875.248168700484,49533.658262493555
1989,0,4024666.9293764117,0,0,63100.88082118231,14064.796221268283,49036.08459991403
1990,0,4073247.3247355577,0,0,62833.52874232756,14253.133383181615,48580.39535914594
1991,0,4121414.9761573668,0,0,62608.02659917626,14440.375177367154,48167.6514218091
1992,0,4169213.796479284,0,0,62425.46149043677,14626.641168519702,47798.82032191707
1993,0,4216687.624828627,0,0,62285.88273737391,14812.05438803041,47473.8283493435
1994,0,4263879.56911491,0,0,62188.679519512756,14996.73523322965,47191.944286283106
1995,0,4310831.946383472,0,0,62133.177859087395,15180.800590526233,46952.37726856116
1996,0,4357586.228852335,0,0,62118.64793228133,15364.36546341757,46754.28246886376
1997,0,4404182.989231301,0,0,62144.30319189275,15547.542812927575,46596.76037896518
1998,0,4450661.845351366,0,0,62209.29948999258,15730.443369926797,46478.856120065786
1999,0,4497061.40410752,0,0,62312.734200576786,15913.175444422755,46399.55875615403
2000,0,4543419.204717931,0,0,62453.64534223794,16095.844731826961,46357.80061041098
2001,0,4589771.661302483,0,0,62631.01070081143,16278.554116260057,46352.45658455137
2002,0,4636154.1410754435,0,0,62843.88324376367,16461.4034708029,46382.47977296077
2003,0,4682601.624029011,0,0,63091.97324580514,16644.490292237148,46447.48295356799
2004,0,4729148.901470483,0,0,63375.190939162596,16827.91349769078,46547.277441471815
2005,0,4775830.549506935,0,0,63693.420665534606,17011.772629082596,46681.64803645201
2006,0,4822680.902764556,0,0,64046.520332336484,17196.167074715777,46850.35325762071
2007,0,4869734.027769848,0,0,64434.32098566241,17381.195980370634,47053.125005291775
2008,0,4917023.695993831,0,0,64856.62638325969,17566.95815927608,47289.66822398361
2009,0,4964583.356560834,0,0,65313.21256748464,17753.55200048227,47559.66056700237
2010,0,5012446.108623305,0,0,65803.82743827732,17941.07537580574,47862.75206247158
2011,0,5060644.673227901,0,0,66328.19014975488,18129.62554515958,48198.5646045953
2012,0,5109211.249968418,0,0,66885.8757998555,18319.299059338213,48566.57674051728
2013,0,5158177.169727036,0,0,67476.11071455924,18510.19095594136,48965.91975861788
2014,0,5207572.800126665,0,0,68098.02344990062,18702.393050271145,49395.630399629474
2015,0,5257427.501733105,0,0,68750.69600099817,18895.994394558744,49854.70160643943
2016,0,5307769.583642013,0,0,69433.16318983029,19091.081280921615,50342.08190890867
2017,0,5358626.258611762,0,0,70144.41205301469,19287.737083266096,50856.674969748594
2018,0,5410023.597744267,0,0,70883.3812295863,19486.042097080834,51397.33913250547
2019,0,5461986.484715885,0,0,71648.96034877124,19686.073377154127,51962.88697161712
2020,0,5514538.569560383,0,0,72439.98941776952,19887.90457327063,52552.084844498895
2021,0,5567702.237184458,0,0,73255.27338788804,20091.605763813073,53163.667624074966
2022,0,5621499.389730122,0,0,74094.39592626675,20297.24338060322,53797.15254566353
2023,0,5675952.667283846,0,0,74958.16264287151,20504.885089147385,54453.277553724125
2024,0,5731085.55922831,0,0,75847.49684482676,20714.604900362465,55132.891944464296
2025,0,5786922.419531623,0,0,76763.34044837797,20926.480145065434,55836.86030331254
2026,0,5843488.482443662,0,0,77706.65414109213,21140.591229052676,56566.06291203946
2027,0,5900809.878294525,0,0,78678.41754405627,21357.021693193892,57321.39585086238
2028,0,5958913.649394671,0,0,79679.62937406682,21575.858273920123,58103.771100146696
2029,0,6017827.7660364285,0,0,80711.30760583359,21797.190964076508,58914.11664175708
2030,0,6077581.142596319,0,0,81774.4896341701,22021.11307427929,59753.37655989081
2031,0,6138203.56719122,0,0,82870.14588950855,22247.72129460798,60622.42459490057
2032,0,6199724.212484739,0,0,83997.76051850925,22477.115224990353,61520.6452935189
2033,0,6262170.334598009,0,0,85155.5105621833,22709.388448913553,62446.122113269754
2034,0,6325567.173068322,0,0,86341.46352419617,22944.625053882468,63396.8384703137
2035,0,6389937.885786774,0,0,87553.61567028203,23182.902951830634,64370.712718451396
2036,0,6455303.483267086,0,0,88789.89123951942,23424.29375920743,65365.59748031199
2037,0,6521682.762368035,0,0,90048.14165559932,23668.862554650375,66379.27910094894
2038,0,6589092.239472073,0,0,91326.14473810027,23916.667634062265,67409.477104038
2039,0,6657546.083122768,0,0,92621.60391375389,24167.760263058022,68453.84365069587
2040,0,6727056.0461234385,0,0,93932.14742771702,24422.184427046945,69509.96300067008
2041,0,6797631.6027530935,0,0,95255.53320822245,24679.976578567497,70575.55662965495
2042,0,6869281.504527027,0,0,96591.06841990098,24941.166645967663,71649.90177393332
2043,0,6942014.522653237,0,0,97938.8052631469,25205.787136936706,72733.0181262102
2044,0,7015839.450011575,0,0,99298.80031325696,25473.87295491928,73824.92735833768
2045,0,7090765.101019491,0,0,100671.11014551384,25745.459137597063,74925.65100791678
2046,0,7166800.311513222,0,0,102055.79133521653,26020.580841486153,76035.21049373038
2047,0,7243953.93863104,0,0,103452.9004576557,26299.273339837484,77153.62711781822
2048,0,7322234.860698446,0,0,104862.49408811914,26581.572020713487,78280.92206740566
2049,0,7401651.977115422,0,0,106284.62880190233,26867.51238492648,79417.11641697586
2050,0,7482214.208245743,0,0,107719.36117429673,27157.130043975223,80562.23113032151
