,Population,Stock,Stock per capita,Stock change,Inflow,Outflow,Stock AB,Stock MFH,Stock SFH,Stock TH
1600,293774.7335431269,1014098.8909054522,3.4519608908319537,,,,125.518160592113,408374.12944750325,202282.6468812165,403316.5964161403
1601,298940.46015016065,1014383.8276693966,3.3932637527883043,284.93676394445356,,,0.0,405703.4453067895,200122.4053820294,408557.97698057775
1602,304196.8666150146,1014674.5207622831,3.335585050737668,290.6930928864749,,,0.0,402996.7641354566,197951.13129684635,413726.6253299802
1603,309545.5282159475,1014971.0863841294,3.278907281374317,296.5656218462391,,,0.0,400304.6246554148,195793.8411651311,418872.62056358345
1604,314988.04700857133,1015273.6430769452,3.2232132384671663,302.5566928158514,,,0.0,397627.01383402274,193650.51132556313,423996.11791735934
1605,320526.05226004403,1015582.3117717846,3.1684860079574397,308.66869483934715,,,0.0,394963.918872278,191521.11816340405,429097.2747361025
1606,326161.2008895436,1015897.2158367368,3.1147089631325477,314.90406495227944,,,0.0,392315.32720523624,189405.63810890348,434176.2505225971
1607,331895.17791509227,1016218.4811258762,3.061865759875102,321.2652891393518,,,0.0,389681.2265024713,187304.04763567136,439233.20698773355
1608,337729.69690679054,1016546.2360291872,3.009940331986092,327.7549033110263,,,0.0,387061.604668572,185216.32325916496,444268.3081014502
1609,343666.5004465194,1016880.6115234862,2.958916886581242,334.3754942989908,,,0.0,384456.4498436838,183142.44153513896,449281.7201446635
1610,349707.3605941783,1017221.7412243579,2.908779899559517,341.12970087165013,,,0.0,381865.7504040524,181082.379058182,454273.6117621235
1611,355854.0793605159,1017569.7614391274,2.8595141111428064,348.0202147695236,,,0.0,379289.49496268644,179036.1124602639,459244.154016177
1612,362108.4891866111,1017924.8112208878,2.811104521485837,355.0497817604337,,,0.0,376727.67236996914,177003.61840933544,464193.52044158324
1613,368472.4534300679,1018287.0324236043,2.7635363863553075,362.2212027164642,,,0.0,374180.27171440044,174984.8736079775,469121.88710122637
1614,374947.8668579805,1018656.5697583146,2.7167952128772948,369.5373347103596,,,0.0,371647.2823233172,172979.85479207736,474029.4326429201
1615,381536.65614672104,1019033.5708504502,2.670866755352015,377.001092135557,,,0.0,369128.69376371,170988.53872958376,478916.33835715643
1616,388240.7803886133,1019418.1862982962,2.6257370111349454,384.61544784600846,,,0.0,366624.4958430625,169010.90221930275,483782.78823593096
1617,395062.23160554265,1019810.5697326168,2.581392216583401,392.3834343205672,,,0.0,364134.67861025076,167046.92208972946,488628.96903263655
1618,402003.0352695537,1020210.8778774639,2.5378188430676536,400.30814484716393,,,0.0,361659.23235651886,165096.57519796764,493455.0703229774
1619,409065.25083049276,1020619.270612198,2.4950035930456465,408.39273473410867,,,0.0,359198.1476164572,163159.83842871417,498261.28456702665
1620,416250.9722507441,1021035.9110347384,2.452933396200405,416.6404225403676,,,0.0,356751.4151691053,161236.68869326997,503047.80717236316
1621,423562.3285471043,1021460.9655260732,2.4115954056392828,425.0544913348276,,,0.0,354319.026039062,159327.1029286691,507814.83655834215
1622,431001.4843398492,1021894.6038160486,2.3709769941540944,433.63828997535165,,,0.0,351900.97149769653,157431.05809683955,512562.57422151254
1623,438570.64040903613,1022336.9990504653,2.331065750541293,442.3952344167046,,,0.0,349497.24306439905,155548.53118388593,517291.2248021803
1624,446272.03425808187,1022788.3278595067,2.291849475981329,451.3288090414135,,,0.0,347107.8325079098,153679.49919939795,522000.996152199
1625,454107.94068466395,1023248.7704275241,2.253316180476298,460.44256801740266,,,0.0,344732.7318477432,151823.9391758996,526692.0994038812
1626,462080.6723589823,1023718.5105642069,2.2154540793450415,469.7401366827544,,,0.0,342371.93335562997,149981.82816834003,531364.7490402369
1627,470192.5804094155,1024197.7357771622,2.17825158977488,479.2252129553817,,,0.0,340025.42955709324,148153.14325371681,536019.1629663522
1628,478446.05501561286,1024686.6373459346,2.141697327429101,488.9015687723877,,,0.0,337693.2132330736,146337.86153077253,540655.5625820885
1629,486843.5260090524,1025185.4103974906,2.1057801031094088,498.77305155596696,,,0.0,335375.2774216421,144535.96011979802,545274.1728560504
1630,495387.4634810898,1025694.2539831984,2.070488919472529,508.84358570782933,,,0.0,333071.6154198158,142747.41616255464,549875.2224008279
1631,504080.3783985339,1026213.3711573312,2.0358129678001284,519.1171741327271,,,0.0,330782.22078543034,140972.20682231255,554458.9435495883
1632,512924.8232267689,1026742.9690571228,2.0017416248212854,529.5978997916682,,,0.0,328507.08733913844,139210.30928397845,559025.5724340059
1633,521923.39256044035,1027283.258984408,1.9682644495867185,540.2899272851646,,,0.0,326246.20916648296,137461.7007543746,563575.3490635505
1634,531078.7237617312,1027834.456488874,1.9353711803939875,551.1975044660503,,,0.0,323999.5806200897,135726.3584626478,568108.5174061365
1635,540393.4976062373,1028396.7814529588,1.903051731762897,562.3249640847789,,,0.0,321767.1963219463,134004.25966079763,572625.325470215
1636,549870.4389364512,1028970.4581784247,1.871296191460373,573.6767254659208,,,0.0,319549.05116578727,132295.38162435987,577126.0253882775
1637,559512.3173228666,1029555.7154746413,1.8400948175740268,585.2572962165577,,,0.0,317345.1403196167,130599.70165322679,581610.8735017978
1638,569321.9477327062,1030152.7867486086,1.80943803563368,597.0712739672745,,,0.0,315155.45922832366,128917.19707263993,586080.1304476449
1639,579302.1912062648,1030761.9100967573,1.7793164357801419,609.1233481487725,,,0.0,312980.0036164242,127247.84523431741,590534.0612460156
1640,589455.9555408711,1031383.3283985563,1.7497207699804862,621.4183017989853,,,0.0,310818.7694909372,125591.62351778072,594972.9353898384
1641,599786.195982458,1032017.289411964,1.7206419492891223,633.9610134076793,,,0.0,308671.75314436783,123948.50933182998,599397.0269357661
1642,610295.9159247151,1032664.0458707599,1.6920710411539888,646.7564587958623,,,0.0,306538.9511578681,122318.48011621009,603806.6145966817
1643,620988.1676158212,1033323.8555837896,1.663999266767129,659.8097130297683,,,0.0,304420.3604044855,120701.5133434951,608201.9818358091
1644,631866.0528727212,1033996.9815361624,1.6364179984589926,673.1259523727931,,,0.0,302315.97805259266,119097.58652111946,612583.4169624504
1645,642932.723802915,1034683.6919924367,1.609318757135792,686.710456274217,,,0.0,300225.8015694719,117506.67719366105,616951.2132293037
1646,654191.3835337334,1035384.2606018329,1.5826932097592252,700.5686093962286,,,0.0,298149.8287250096,115928.76294531762,621305.6689315058
1647,665645.2869490521,1036098.9665055106,1.5565331668679157,714.7059036777355,,,0.0,296088.0575956172,114363.82140261964,625647.0875072737
1648,677297.7414333927,1036828.0944459509,1.530830580139939,729.1279404403176,,,0.0,294040.4865682682,112811.83023736645,629975.7776403163
1649,689152.1076233656,1037571.9348784821,1.5055775399957632,743.8404325312003,,,0.0,292007.11434474215,111272.7671698136,634292.0533639264
1650,701211.8001663897,1038330.7840849917,1.4807662732409914,758.8492065095343,,,0.0,289987.93994601566,109746.60997212229,638596.2341668538
1651,713480.2884866148,1039104.9442898631,1.45638914074829,774.1602048714412,,,0.0,287982.96271688305,108233.33647203028,642888.6451009498
1652,725961.0975579836,1039894.7237781821,1.4324386351778637,789.779488318949,,,0.0,285992.1823307409,106732.92455687177,647169.6168905695
1653,738657.808684344,1040700.4370162531,1.4089073787358866,805.7132380710682,,,0.0,284015.59879457497,105245.35217779389,651439.4860438843
1654,751574.0602865153,1041522.4047744719,1.3857881209703038,821.9677582187578,,,0.0,282053.21245417313,103770.59735434169,655698.5949659571
1655,764713.5486962239,1042360.9542525951,1.3630737366033832,838.5494781231973,,,0.0,280105.0239995241,102308.63817931335,659947.2920737576
1656,778080.0289567916,1043216.4192074557,1.3407572234004577,855.4649548606249,,,0.0,278171.0344704789,100859.45282394695,664185.9319130299
1657,791677.3156304578,1044089.140083167,1.31883170007429,872.7208757112967,,,0.0,276251.24526261695,99423.0195434301,668414.8752771199
1658,805509.2836122217,1044979.4641438638,1.2972904042244717,890.3240606967593,,,0.0,274345.658133348,97999.31668276229,672634.4893277535
1659,819579.8689500628,1045887.7456090272,1.2761266903113178,908.2814651634544,,,0.0,272454.2752082809,96588.32268296805,676845.1477177782
1660,833893.0696713909,1046814.3457914413,1.2553340276637093,926.6001824140549,,,0.0,270577.09898783895,95190.01608769823,681047.230715904
1661,848452.9466155823,1047759.6332378311,1.234905998520329,945.2874463897897,,,0.0,268714.1323541483,93804.37555018609,685241.1253334967
1662,863263.6242724323,1048723.9838722313,1.214836296103762,964.3506344002672,,,0.0,266865.3785781933,92431.37984063833,689427.2254533997
1663,878329.2916263388,1049707.7811421365,1.1951187227269497,983.7972699052189,,,0.0,265030.84132725507,91071.00785401855,693605.931960863
1664,893654.203006045,1050711.4161674846,1.1757471879314567,1003.6350253480487,,,0.0,263210.52467265446,89723.23861824891,697777.6528765812
1665,909242.678939735,1051735.2878925255,1.1567157066570508,1023.8717250409536,,,0.0,261404.43309781386,88388.05130290764,701942.803491804
1666,925099.1070152626,1052779.8032406284,1.1380183974421016,1044.5153481028974,,,0.0,259612.57150659926,87065.42522831648,706101.8065057128
1667,941227.9427453042,1053845.3772720816,1.1196494806542856,1065.574031453114,,,0.0,257834.9452320141,85755.3398751899,710255.0921648776
1668,957633.7104371921,1054932.4333449404,1.1016032767511161,1087.0560728588607,,,0.0,256071.56004522683,84457.77489469227,714403.0984050214
1669,974321.0040671692,1056041.4032789783,1.083874204569827,1108.9699340378866,,,0.0,254322.4221649634,83172.71011909837,718546.2709949166
1670,991294.4881588154,1057172.727522798,1.066456779646119,1131.3242438198067,,,0.0,252587.53826723443,81900.12557291746,722685.0636826463
1671,1008558.8986653601,1058326.855324162,1.0493456125613094,1154.127801363822,,,0.0,250866.91549545582,80640.00148460332,726819.9383441028
1672,1026119.0438555784,1059504.2449035957,1.032535407317434,1177.389579433715,,,0.0,249160.56147095823,79392.31829883136,730951.365133806
1673,1043979.8052029767,1060705.3636313325,1.0160209597398333,1201.1187277368736,,,0.0,247468.48430388255,78157.05668936776,735079.8226380822
1674,1062146.1382779363,1061930.6882076492,0.9997971559067791,1225.3245763166342,,,0.0,245790.69260451008,76934.19757255571,739205.7980305833
1675,1080623.073642463,1063180.7048466636,0.9838589706057208,1250.0166390144732,,,0.0,244127.19549501053,75723.72212142588,743329.7872302273
1676,1099415.7177472028,1064455.9094636496,0.968201465815689,1275.2046169859823,,,0.0,242478.00262164453,74525.6117804683,747452.2950615367
1677,1118529.253830335,1065756.807865937,0.9528197892154523,1300.898402287392,,,0.0,240843.12416739244,73339.84828110343,751573.8354174411
1678,1137968.942817949,1067083.9159474582,0.9377091727170002,1327.1080815212335,,,0.0,239222.5708651064,72166.4136578233,755694.9314245286
1679,1157740.1242254963,1068437.7598870075,0.9228649310239375,1353.8439395492896,,,0.0,237616.3540111164,71005.29026509743,759816.1156107937
1680,1177848.217059887,1069818.8763502804,0.9082824602143843,1381.1164632728323,,,0.0,236024.4854793563,69856.46079499627,763937.9300759278
1681,1198298.7207217708,1071227.8126957582,0.8939572363479834,1408.9363454778213,,,0.0,234446.97773600597,68719.90829564063,768060.9266641116
1682,1219097.215907539,1072665.127184506,0.8798848140966151,1437.3144887478556,,,0.0,232883.8438546904,67595.61619039971,772185.667139416
1683,1240249.365510554,1074131.389193957,0.866060825398436,1466.262009450933,,,0.0,231335.097532209,66483.56829797618,776312.7233637718
1684,1261760.9155210855,1075627.1794357465,0.8524809781348561,1495.7902417895384,,,0.0,229800.75310488927,65383.74885332255,780442.6774775346
1685,1283637.69592442,1077153.0901776736,0.8391410548300818,1525.9107419271022,,,0.0,228280.8255654884,64296.14252945314,784576.122082732
1686,1305885.6215965925,1078709.7254698584,0.826036911372846,1556.635292184772,,,0.0,226775.33058072068,63220.73446019429,788713.6604289435
1687,1328510.6931971451,1080297.701375169,0.8131644757599685,1587.9759053105954,,,0.0,225284.28450946978,62157.51026387206,792855.9066018271
1688,1351518.998058308,1081917.646203994,0.8005197468613885,1619.9448288250715,,,0.0,223807.7044215863,61106.456067981664,797003.4857144261
1689,1374916.7110699853,1083570.200753433,0.7880987932063018,1652.554549438879,,,0.0,222345.60811742113,60067.55853488088,801157.0341011309
1690,1398710.0955598685,1085256.0185509825,0.7758977517900747,1685.8177975495346,,,0.0,220898.01414802854,59040.80488853944,805317.1995144145
1691,1422905.504168009,1086975.7661027957,0.7639128269015758,1719.747551813256,,,0.0,219464.94183610813,58026.182942373605,809484.641324314
1692,1447509.3797151374,1088730.1231465936,0.7521402889705974,1754.3570437978487,,,0.0,218046.41129769795,57023.681128172735,813660.0307207229
1693,1472528.2560639898,1090519.782909304,0.7405764734350296,1789.6597627103329,,,0.0,216642.44346461687,56033.288526241966,817844.050918445
1694,1497968.7589728755,1092345.452369513,0.7292177796274673,1825.6694602090865,,,0.0,215253.06010773257,55054.99489668825,822037.3973650922
1695,1523837.606940702,1094207.8525248088,0.7180606696809185,1862.4001552958507,,,0.0,213878.2838610277,54088.7907119608,826240.7779518203
1696,1550141.6120426212,1096107.718664098,0.7071016674533092,1899.8661392892245,,,0.0,212518.1382465399,53134.66719068117,830454.913226877
1697,1576887.680755449,1098045.8006449796,0.696337357470465,1938.081980881514,,,0.0,211172.64770016537,52192.61633276428,834680.5366120499
1698,1604082.8147719833,1100022.8631762618,0.6857643838872668,1977.062531282194,,,0.0,209841.837598341,51262.63095592366,838918.3946219971
1699,1631734.1118032876,1102039.6861057044,0.6753794494666787,2016.8229294426274,,,0.0,208525.73428572385,50344.70473355485,843169.2470864257
1700,1659848.766368005,1104097.0647130753,0.6651793145763534,2057.3786073708907,,,0.0,207224.3651037481,49438.83223409535,847433.8673752318
1701,1688434.070567721,1106195.8100086073,0.6551607962025184,2098.7452955320477,,,0.0,205937.75842026563,48545.00896184972,851713.042626492
1702,1717497.4148473544,1108336.749036944,0.6453207669808629,2140.9390283366665,,,0.0,204665.94366014126,47663.23139937423,856007.5739774286
1703,1747046.2887395313,1110520.7251866611,0.6356561542441361,2183.976149717113,,,0.0,203408.95133693638,46793.497051455895,860318.2767982689
1704,1777088.2815918638,1112748.5985054602,0.6261639390861845,2227.873318799073,,,0.0,202166.8130856731,45935.804490713046,864645.9809290741
1705,1807631.0832760013,1115021.246021117,0.6168411554421518,2272.647515656892,,,0.0,200939.56169673236,45090.15340490826,868991.5309194764
1706,1838682.4848773077,1117339.562068284,0.6076848891845741,2318.31604716694,,,0.0,199727.2311509005,44256.54464600171,873355.7862713819
1707,1870250.379363975,1119704.4586212335,0.598692277235103,2364.8965529494453,,,0.0,198529.85665562403,43434.98028099582,877739.6216846136
1708,1902342.7622343304,1122116.8656326407,0.5898605066916003,2412.4070114071947,,,0.0,197347.47468248007,42625.463644640215,882143.9273055204
1709,1934967.7321410717,1124577.7313784992,0.581186813970348,2460.865745858522,,,0.0,196180.12300592614,41827.99939406828,886569.6089785048
1710,1968133.491491136,1127088.0228092605,0.5726684839631148,2510.291430761339,,,0.0,195027.84074336104,41042.59356537573,891017.5885005238
1711,2001848.3470198303,1129648.725907301,0.5643028492088421,2560.7030980405398,,,0.0,193890.6683965539,40269.25363226789,895488.8038784793
1712,2036120.7103378526,1132260.8460508068,0.5560872890796986,2612.1201435057446,,,0.0,192768.64789441624,39507.98856676981,899984.2095896208
1713,2070959.0984497722,1134925.408384178,0.5480192289812641,2664.5623333712574,,,0.0,191661.82263725926,38758.80890213157,904504.7768447873
1714,2106372.134242489,1137643.4581950502,0.5400961395666104,2718.0498108721804,,,0.0,190570.23754250474,38021.72679793307,909051.4938546123
1715,2142368.546942166,1140416.0612980297,0.5323155359640442,2772.603102979483,,,0.0,189493.93909192813,37296.75610749281,913625.3660986087
1716,2178957.172538084,1143244.3044252472,0.5246749770182854,2828.2431272175163,,,0.0,188432.97538045928,36583.91244765498,918227.416597133
1717,2216146.954171805,1146129.2956238245,0.5171720645448549,2884.9911985772196,,,0.0,187387.3961666157,35883.213270999506,922858.6861862092
1718,2253946.942490015,1149072.1646603602,0.509804442597455,2942.8690365357324,,,0.0,186357.25292457987,35194.67794055334,927520.233795227
1719,2292366.2959593595,1152074.0634325328,0.5025697967481186,3001.89877217263,,,0.0,185342.59889803373,34518.32780711436,932213.1367273848
1720,2331414.281141526,1155136.1663879252,0.49546585337992266,3062.102955392329,,,0.0,184343.4891557104,33854.18628920794,936938.4909430068
1721,2371100.272926818,1158259.670950169,0.4884903789920476,3123.5045622438192,,,0.0,183359.98064880606,33202.278955800524,941697.4113455624
1722,2411433.7547243894,1161445.7979525176,0.4816411795169812,3186.1270023486577,,,0.0,182392.132270239,32562.633611847512,946491.032070431
1723,2452424.3186072675,1164695.7920789453,0.47491609964966275,3249.994126427686,,,0.0,181440.0049158521,31935.280386718856,951320.5067763744
1724,2494081.6654102616,1168010.9223128795,0.46831302218836873,3315.130233934149,,,0.0,180503.66154762285,31320.251825653046,956187.0089396036
1725,2536415.6047788044,1171392.4823936666,0.46182986738713955,3381.560080787167,,,0.0,179583.16725886762,30717.582984261822,961091.7321505372
1726,2579436.0551667036,1174841.7912808782,0.4554645923195606,3449.308887211606,,,0.0,178678.58934162278,30127.311526215417,966035.8904130401
1727,2623153.0437807683,1178360.1936265593,0.44921519025370354,3518.4023456810974,,,0.0,177789.99735611092,29549.477824224607,971020.7184462239
1728,2667576.70647022,1181949.0602555207,0.44307969003804004,3588.866628961405,,,0.0,176917.4632025213,28984.125064312546,976047.471988687
1729,2712717.2875587256,1185609.7886537842,0.4370561554981493,3660.7283982634544,,,0.0,176061.06119505293,28431.29935361419,981117.428105117
1730,2758585.13961688,1189343.803465278,0.4311426848440347,3734.014811493689,,,0.0,175220.86813829417,27891.04983169728,986231.8854952864
1731,2805190.723172913,1193152.5569968894,0.4253374100878713,3808.7535316115245,,,0.0,174396.96340607834,27363.428785538767,991392.1648052722
1732,2852544.6063593095,1197037.5297319754,0.4196384964720146,3884.9727350859903,,,0.0,173589.42902282803,26848.49176828889,996599.6089408584
1733,2900657.4644930637,1201000.2308524353,0.4140441419070932,3962.7011204599403,,,0.0,172798.3497474695,26346.29772188364,1001855.5833830822
1734,2949540.07958716,1205042.1987694432,0.40855257642001935,4041.96791700786,,,0.0,172023.81316000558,25856.909103649414,1007161.4765057883
1735,2999203.3397908863,1209165.001662948,0.4031620616117528,4122.802893504733,,,0.0,171265.90975079208,25380.39201701605,1012518.6998951398
1736,3049658.2387565305,1213370.238030032,0.3978708901246496,4205.236367084086,,,0.0,170524.73301264696,24916.816346413165,1017928.6886709719
1737,3100915.874929947,1217659.537242236,0.3926773851192414,4289.29921220406,,,0.0,169800.37953583206,24466.255896528248,1023392.9018098757
1738,3152987.4507624563,1222034.560111945,0.3875798997602836,4375.022869708948,,,0.0,169092.94910597644,24028.788535985714,1028912.8224699829
1739,3205884.271841513,1226496.9994679287,0.3825768167119172,4462.439355983632,,,0.0,168402.54480509288,23604.496345632706,1034489.9583172031
1740,3259617.745937501,1231048.580740139,0.3776665476417929,4551.581272210227,,,0.0,167729.27311566164,23193.465771497584,1040125.8418529797
1741,3314199.381964,1235691.062553853,0.37284753273400845,4642.481813714141,,,0.0,167073.24402801343,22795.78778261564,1045822.030743224
1742,3369640.788848851,1240426.2373332595,0.3681182402107076,4735.174779406516,,,0.0,166434.57115097027,22411.558033791418,1051580.108148498
1743,3425953.674313255,1245255.9319145712,0.3634771658621996,4829.694581311662,,,0.0,165813.37182589842,22040.87703347776,1057401.683055195
1744,3483149.8435561615,1250182.0081687619,0.358922832585455,4926.076254190644,,,0.0,165209.76724427193,21683.85031693019,1063288.3906075596
1745,3541241.1978411456,1255206.363634007,0.35445378993083587,5024.3554652452,,,0.0,164623.88256880487,21340.588624677806,1069241.8924405244
1746,3600239.732982941,1260330.932157919,0.3500686136569259,5124.568523911992,,,0.0,164055.84705832734,21011.208086602757,1075263.877012989
1747,3660157.537730773,1265557.6845496492,0.34576590529331985,5226.752391730202,,,0.0,163505.7941963948,20695.830411666382,1081356.059941588
1748,3721006.792045615,1270888.6292419482,0.3415442917112441,5330.944692299003,,,0.0,162973.86182382138,20394.583083471807,1087520.184334655
1749,3782799.7652684585,1276325.812963252,0.3374024247018725,5437.183721303707,,,0.0,162460.19227523895,20107.59956182646,1093758.0211261865
1750,3845548.814176656,1281871.3214198675,0.3333389805622114,5545.508456615498,,,0.0,161964.93251971458,19835.019490473445,1100071.3694096794
1751,3909266.3809254314,1287527.2799883331,0.32935265968842464,5655.958568465663,,,0.0,161488.2343056409,19576.98891111047,1106462.0567715818
1752,3973964.9908715487,1293295.8544180128,0.32544218617647513,5768.574429679662,,,0.0,161030.2543099421,19333.660483927237,1112931.9396241435
1753,4039657.25027619,1299179.251543994,0.32160630742996066,5883.397125981282,,,0.0,160591.15429171862,19105.193714770492,1119482.903537505
1754,4106355.8438840797,1305179.720010338,0.3178437937750196,6000.468466343824,,,0.0,160171.10125045947,18891.75518914619,1126116.8635707323
1755,4174073.5323758246,1311299.5510037462,0.31415343808219226,6119.830993408337,,,0.0,159770.26758899586,18693.51881326322,1132835.7646014872
1756,4242823.149690517,1317541.078997685,0.31053405539511825,6241.527993938886,,,0.0,159388.83128119097,18510.666062214692,1139641.5816542795
1757,4312617.60021561,1323906.682507017,0.30698448256595434,6365.6035093318205,,,0.0,159026.97604462155,18343.386235565788,1146536.3202268295
1758,4383469.85584107,1330398.784853171,0.3035035778974014,6492.102346154163,,,0.0,158684.89151831984,18191.876720519133,1153522.016614332
1759,4455392.952874852,1337019.8549398973,0.3000902207912284,6621.07008672622,,,0.0,158362.77344568344,18056.343262811042,1160600.7382314028
1760,4528399.988816749,1343772.4080396187,0.29674331140318294,6752.553099721437,,,0.0,158060.82386277526,17937.000245579333,1167774.5839312642
1761,4602504.118987676,1350659.006590412,0.2934617703041818,6886.598550793249,,,0.0,157779.25129203318,17834.070976404964,1175045.684321974
1762,4677718.553011472,1357682.2610036267,0.2902445381476753,7023.254413214745,,,0.0,157518.27094164674,17747.7879826828,1182416.2020792973
1763,4754056.551146394,1364844.8304821532,0.28709057534307925,7162.569478526479,,,0.0,157278.1049106348,17678.39331560511,1189888.3322559132
1764,4831531.420463394,1372149.423849336,0.28399886173517475,7304.5933671828825,,,0.0,157058.98239985143,17626.13886289195,1197464.3025865927
1765,4910156.510868446,1379598.8003885278,0.2809683962893724,7449.376539191697,,,0.0,156861.13992905433,17591.286670564787,1205146.3737889088
1766,4989945.210966154,1387195.7706932656,0.2779981967827411,7596.970304737799,,,0.0,156684.82156011817,17574.109273905968,1212936.8398592416
1767,5070910.943761943,1394943.197528048,0.2750872995007057,7747.426834782353,,,0.0,156530.2791266448,17574.890037906465,1220838.0283634968
1768,5153067.16220021,1402843.9966996775,0.27223475893931565,7900.799171629595,,,0.0,156397.77247007334,17593.923507351537,1228852.3007222528
1769,5236427.344535903,1410901.1379391227,0.2694396475129875,8057.141239445191,,,0.0,156287.5696824357,17631.51576687961,1236982.0524898074
1770,5321004.989536992,1419117.6457938515,0.2667010552676321,8216.507854728727,,,0.0,156199.94735597205,17687.984811111914,1245229.7136267675
1771,5406813.611515473,1427496.60053057,0.2640180895990712,8378.954736718442,,,0.0,156135.1908397247,17763.660925234824,1253597.7487656104
1772,5493866.735184588,1436041.1390482895,0.2613898749766525,8544.5385177196,,,0.0,156093.5945032839,17858.88707620654,1262088.657468799
1773,5582177.890340042,1444754.4558016392,0.2588155526719753,8713.316753349733,,,0.0,156075.4620079101,17974.01931484479,1270704.9744788844
1774,5671760.606363117,1453639.8037343232,0.256294280492638,8885.347932684002,,,0.0,156081.1065851235,18109.427189044796,1279449.269960155
1775,5762628.406543697,1462700.4952226132,0.2538252325209201,9060.691488289973,,,0.0,156110.8513229852,18265.494168405374,1288324.1497312228
1776,5854794.802221357,1471939.903028748,0.251407598857313,9239.407806134783,,,0.0,156165.02946028434,18442.618080527365,1297332.2554879363
1777,5948273.286742738,1481361.461264106,0.24904058536881654,9421.558235357981,,,0.0,156243.98468868912,18641.21155920233,1306476.2650162145
1778,6043077.329233693,1490968.6663619946,0.2467234134419161,9607.205097888596,,,0.0,156348.0714632475,18861.70250483282,1315758.8923939143
1779,6139220.368184703,1500765.078059892,0.24445531974015958,9796.411697897362,,,0.0,156477.65532119197,19104.534557278697,1325182.8881814212
1780,6236715.804848313,1510754.3203909476,0.2422355559662529,9989.242331055691,,,0.0,156633.11320945076,19370.16758147879,1334751.039600018
1781,6335576.996447502,1520940.082684555,0.24006338862859372,10185.762293607462,,,0.0,156814.83382087047,19659.078166080337,1344466.1706976043
1782,6435817.249194039,1531326.120575768,0.23793809881216513,10386.03789121285,,,0.0,157023.21793954066,19971.760135361248,1354331.142500866
1783,6537449.81111609,1541916.257023324,0.2358589819537114,10590.136447556084,,,0.0,157258.67879524367,20308.725074754322,1364348.853153326
1784,6640487.864694594,1552714.383336029,0.23382534762111798,10798.12631270499,,,0.0,157521.64242732778,20670.502870267817,1374522.2380384333
1785,6744944.519308019,1563724.4602072185,0.2318365192969215,11010.076871189522,,,0.0,157812.5480581943,21057.64226204925,1384854.269886975
1786,6850832.803485451,1574950.5187570087,0.22989183416587425,11226.058549790177,,,0.0,158131.8484765597,21470.711412434306,1395347.9588680146
1787,6958165.656968168,1586396.6615820122,0.22799064290648716,11446.14282500348,,,0.0,158480.01043078862,21910.298488775,1406006.3526624485
1788,7066955.922580025,1598067.0638121897,0.22613230948648153,11670.40223017754,,,0.0,158857.5150323893,22377.012261330146,1416832.5365184704
1789,7177216.337907333,1609965.9741744697,0.2243162109620746,11898.910362279974,,,0.0,159264.85817000765,22871.48271651532,1427829.6332879467
1790,7288959.526789141,1622097.7160627546,0.2225417372810279,12131.741888284916,,,0.0,159702.55093402223,23394.361685849206,1439000.803442883
1791,7402197.990619069,1634466.6886138981,0.22080829108938796,12368.972551143495,,,0.0,160171.12005202906,23946.323490901836,1450349.2450709671
1792,7516944.099460197,1647077.3677892257,0.21911528754184892,12610.679175327532,,,0.0,160671.10833543594,24528.065604500935,1461878.1938492889
1793,7633210.082974748,1659934.3074611295,0.21746215411566852,12856.939671903849,,,0.0,161203.07513729707,25140.309328622716,1473590.9229952097
1794,7751008.021170682,1673042.140504249,0.21584833042806723,13107.833043119404,,,0.0,161767.59682173436,25783.800489105073,1485490.7431934094
1795,7870349.83496759,1686405.5798907154,0.2142732680570431,13363.439386466518,,,0.0,162365.26724504822,26459.31014770467,1497581.0024979624
1796,7991247.276584589,1700029.4197889215,0.2127364303655366,13623.83989820606,,,0.0,162996.69824884916,27167.63533163296,1509865.0862084394
1797,8113711.9197533615,1713918.5366652189,0.21123729232887506,13889.116876297398,,,0.0,163662.5201653342,27909.599781018365,1522346.4167188662
1798,8237755.149759716,1728077.8903879472,0.20977534036543352,14159.353722728323,,,0.0,164363.38233499092,28686.054714511713,1535028.4533384447
1799,8363388.153317495,1742512.5253331386,0.20835007217044427,14434.634945191443,,,0.0,165099.95363691606,29497.87961341487,1547914.6920828077
1800,8490621.908278976,1757227.5714912256,0.20696099655289096,14715.046158086974,,,0.0,165872.92303204912,30345.983024639994,1561008.6654345365
1801,8619467.173186347,1772228.2455740306,0.20560763327542128,15000.674082804937,,,0.0,166683.00011942047,31231.3033827877,1574313.9420718225
1802,8749934.476669185,1787519.8521212877,0.2042895128972141,15291.606547257164,,,0.0,167530.91570573067,32154.809851664006,1587834.1265638932
1803,8882034.106693286,1803107.7846059091,0.20300617661973744,15587.932484621415,,,0.0,168417.42238848502,33117.50318556068,1601572.8590318635
1804,9015776.09966661,1818997.5265371604,0.20175717613533284,15889.74193125125,,,0.0,169343.29515281477,34120.4166106258,1615533.81477372
1805,9151170.229408532,1835194.6525608823,0.2005420734785628,16197.126023721881,,,0.0,170309.331982329,35164.61672655591,1629720.7038519974
1806,9288225.995988969,1851704.8295558402,0.19936044088025864,16510.17699495796,,,0.0,171316.35448410103,36251.20442904205,1644137.270642697
1807,9426952.614444474,1868533.817725253,0.198211860624205,16828.988169412827,,,0.0,172365.20852809207,37381.315853081374,1658787.2933440795
1808,9567359.00337873,1885687.4716824943,0.19709592490639896,17153.653957241215,,,0.0,173456.7649011636,38556.1233376676,1673674.583443663
1809,9709453.773455398,1903171.7415299297,0.19601223569682122,17484.26984743541,,,0.0,174591.91997592524,39776.83641195808,1688802.9851420464
1810,9853245.21579167,1920992.6739297886,0.19496040460365668,17820.932399858953,,,0.0,175771.59639461606,41044.702803341745,1704176.3747318308
1811,9998741.290261405,1939156.4131659386,0.1939400527399026,18163.739236149937,,,0.0,176996.7437682097,42361.00946757048,1719798.6599301584
1812,10145949.61371708,1957669.2021953613,0.19295081059230176,18512.78902942268,,,0.0,178268.33939096873,43727.083641334546,1735673.7791630581
1813,10294877.448140359,1976537.3836880964,0.1919923178925392,18868.181492735166,,,0.0,179587.38897058932,45144.29391743926,1751805.7008000677
1814,10445531.688731484,1995767.401054353,0.19106422349063984,19230.017366256565,,,0.0,180954.92737420523,46614.05134290748,1768198.4223372403
1815,10597918.851948136,2015365.7994574388,0.1901661852305058,19598.39840308577,,,0.0,182372.01939039305,48137.81054024241,1784855.9695268034
1816,10752045.063504975,2035339.2268111059,0.1892978698275304,19973.427353667095,,,0.0,183839.76050728114,49717.070852055054,1801782.3954517697
1817,10907916.046345407,2055694.4347598436,0.1884589527482277,20355.207948737778,,,0.0,185359.27770708853,51353.37750927668,1818981.7795434785
1818,11065537.108597685,2076438.2796406052,0.18764911809181475,20743.84488076158,,,0.0,186931.73027711042,53048.322823228016,1836458.2265402668
1819,11224913.131527849,2097577.7234243765,0.18686805847368462,21139.443783771247,,,0.0,188558.31063741582,54803.54740164925,1854215.8653853112
1820,11386048.557502499,2119119.8346359567,0.18611547491070776,21542.111211580224,,,0.0,190240.24518527676,56620.74138894113,1872258.8480617388
1821,11548947.377974806,2141071.7892502323,0.18539107670829869,21951.9546142756,,,0.0,191978.79515660083,58501.64573078033,1890591.3483628512
1822,11713613.121507643,2163440.871563184,0.18469458134918584,22369.082312951796,,,0.0,193775.25750437344,60448.05346319551,1909217.560595615
1823,11880048.8418481,2186234.475035781,0.18402571438382093,22793.603472596966,,,0.0,195630.96579432636,62461.81102633175,1928141.6982151228
1824,12048257.106068125,2209460.1031088666,0.18338420932236482,23225.628073085565,,,0.0,197547.29111783416,64544.81960291425,1947367.992388118
1825,12218239.98278638,2233125.3699870612,0.18276980752818667,23665.26687819464,,,0.0,199525.6430222052,66699.03648161303,1966900.690483243
1826,12389999.03048686,2257238.001389636,0.18218225811281108,24112.631402574945,,,0.0,201567.47045835364,68926.47644525861,1986744.054486024
1827,12563535.285950102,2281805.8352662507,0.18162131783225155,24567.83387661446,,,0.0,203674.26274606067,71229.21318408586,2006902.3593361042
1828,12738849.252813336,2306836.8224753574,0.18108675098466212,25030.987209106795,,,0.0,205847.55055665804,73609.3807339119,2027379.8911847875
1829,12915940.890276091,2332339.0274230316,0.18057832930924597,25502.20494767418,,,0.0,208088.90691338794,76069.17493931741,2048180.9455703262
1830,13094809.60196823,2358320.628659868,0.18009583188635275,25981.60123683652,,,0.0,210399.94820922468,78610.85494180459,2069309.825508839
1831,13275454.224997656,2384789.919433554,0.17963904503869998,26469.29077368602,,,0.0,212782.3352423438,81236.74469283619,2090770.8394983741
1832,13457873.019195175,2411755.3081946126,0.17920776223365226,26965.38876105845,,,0.0,215237.77426907598,83949.23449165998,2112568.2994338768
1833,13642063.656574313,2439225.319052765,0.17880178398649138,27470.010858152527,,,0.0,217768.01807437648,86750.78254788274,2134706.518430506
1834,13828023.211024119,2467208.5921812537,0.17842091776461008,27983.273128488567,,,0.0,220374.86705965127,89643.91656847828,2157189.8085531243
1835,14015748.14825313,2495713.8841664,0.17806497789256126,28505.291985146236,,,0.0,223060.17034790514,92631.23536928052,2180022.4784492142
1836,14205234.316002924,2524750.0682996027,0.17773378545789578,29036.18413320277,,,0.0,225825.82690613336,95715.41051045111,2203208.830883018
1837,14396476.934549788,2554326.134808865,0.17742716821771817,29576.066509262193,,,0.0,228673.78668468664,98899.18795587542,2226753.1601683027
1838,14589470.587513203,2584451.1910269037,0.1771449605058923,30125.05621803878,,,0.0,231606.05177351556,102185.3897560496,2250659.7494973387
1839,14784209.212989783,2615134.4614927615,0.17688700314082662,30683.270465857815,,,0.0,234624.67757511177,105576.9157542453,2274932.8681634045
1840,14980686.095031608,2646385.2879838077,0.17665314333376825,31250.82649104623,,,0.0,237731.7739937707,109076.74531530219,2299576.768674735
1841,15178893.855487589,2678213.129474889,0.17644323459753564,31827.841491081286,,,0.0,240929.5066411963,112687.93907691434,2324595.6837567785
1842,15378824.446226783,2710627.562021339,0.1762571366556171,32414.432546449825,,,0.0,244220.0980578059,116413.64072268596,2349993.823240847
1843,15580469.141762223,2743638.278562443,0.17609471535156385,33010.71654110402,,,0.0,247605.82894960634,120257.07877651774,2375775.370836319
1844,15783818.532293996,2777255.0886419127,0.1759558425586049,33616.81007946981,,,0.0,251089.03944028539,124221.56841762108,2401944.480784006
1845,15988862.517189909,2811487.9180417918,0.17584039608940982,34232.82939987909,,,0.0,254672.1303380012,128310.51331567689,2428505.274388114
1846,16195590.298922084,2846346.8083261643,0.17574825960592533,34858.89028437249,,,0.0,258357.5644164985,132527.40748525492,2455461.836424411
1847,16403990.37747745,2881841.9162909654,0.17567932252921287,35495.10796480114,,,0.0,262147.8677100634,136875.83715877554,2482818.2114221263
1848,16614050.545259945,2917983.513316069,0.1756334799492097,36141.5970251034,,,0.0,266045.6308217374,141359.48267717622,2510578.399817155
1849,16825757.882501774,2954781.9846158046,0.17561063253434064,36798.47129973583,,,0.0,270053.510244292,145982.12039742604,2538746.3539740867
1850,17039098.753200874,2992247.828383922,0.17561068644090197,37465.843768117484,,,0.0,274174.22969327774,150747.62461576975,2567325.9740748745
1851,17254058.801601157,3030391.6548290006,0.17563355322214294,38143.82644507848,,,0.0,278410.5814514885,155659.96950584438,2596321.1038716678
1852,17470622.94923175,3069224.1850961735,0.1756791497369668,38832.53026717296,,,0.0,282765.427724242,160723.23107035717,2625735.5263015744
1853,17688775.392520897,3108756.2500710166,0.17574739805817477,39532.06497484306,,,0.0,287241.7020044587,165941.5891053072,2655572.9589612507
1854,17908499.600999635,3148998.7890613284,0.1758382253801739,40242.53899031179,,,0.0,291842.410447048,171319.3291753182,2685837.0494389622
1855,18129778.316109784,3189962.8483525226,0.175951563926073,40964.05929119419,,,0.0,296570.63325138047,176860.84459881915,2716531.370502323
1856,18352593.5506301,3231659.5796322236,0.1760873508540852,41696.731279700994,,,0.0,301429.5260512517,182570.63844168597,2747659.415139286
1857,18576926.588733755,3274100.238279662,0.1762455281631617,42440.65864743851,,,0.0,306422.32131104515,188453.3255176283,2779224.591450989
1858,18802757.98668961,3317296.181515364,0.17642604259777547,43195.94323570188,,,0.0,311552.3297272702,194513.63439389196,2811230.217394202
1859,19030067.574218865,3361258.866406578,0.17662884555177671,43962.68489121413,,,0.0,316822.94163426943,200756.4094004993,2843679.5153718092
1860,19258834.456517998,3405999.8477238975,0.1768538929712418,44740.98131731944,,,0.0,322237.6284128913,207186.61264123893,2876575.6066697673
1861,19489037.016957782,3451530.775644384,0.17710114525623513,45530.92792048631,,,0.0,327799.94390098704,213809.3260045248,2909921.505738872
1862,19720652.920467567,3497863.3932965863,0.17737056716140684,46332.61765220249,,,0.0,333513.52580428525,220629.75317200166,2943720.1143202996
1863,19953659.117612753,3545009.534142705,0.17766212769534515,47146.1408461188,,,0.0,339382.0971064553,227653.221623108,2977974.215413142
1864,20188031.849372596,3592981.1191932224,0.17797580001860783,47971.58505051723,,,0.0,345409.467476727,234885.1846330245,3012686.467083471
1865,20423746.652624335,3641790.154049218,0.17831156134035128,48809.03485599579,,,0.0,351599.5346736591,242331.22326195883,3047859.3961136006
1866,20660778.366338637,3691448.7257676604,0.17866939281348257,49658.571718442254,,,0.0,357956.2859434574,249997.0483333216,3083495.3914908813
1867,20899101.138490144,3741968.9995448776,0.1790492794282547,50520.27377721714,,,0.0,364483.7994110993,257888.5023981415,3119596.6977356365
1868,21138688.433685906,3793363.215213503,0.1794512099042307,51394.215668625664,,,0.0,371186.2454626476,266011.56168328604,3156165.4080675696
1869,21379513.041513212,3845643.6835481278,0.17987517658053911,52280.468334624544,,,0.0,378067.8881168869,274372.33802053716,3193203.457410704
1870,21621547.085607186,3898822.7823749594,0.1803211753043467,53179.09882683167,,,0.0,385133.0863842367,282977.0807538555,3230712.615236867
1871,21864762.033437226,3952912.9524808354,0.18078920531747594,54090.170105875935,,,0.0,392386.29561119253,291832.1786217102,3268694.4782479326
1872,22109128.706810296,4007926.693316909,0.1812792691410921,55013.740836073644,,,0.0,399832.0688082081,300944.16161142907,3307150.462897272
1873,22354617.29308761,4063876.5584924878,0.18179137245839144,55949.86517557874,,,0.0,407475.05795858486,310319.7027824264,3346081.7977514765
1874,22601197.357110087,4120775.1510544578,0.18232552399521912,56898.59256197,,,0.0,415320.01530656795,319965.6200548896,3385489.5156930005
1875,22848837.853826754,4178635.1185479127,0.1828817353985498,57859.967493454926,,,0.0,423371.79462203046,329888.8779604405,3425374.445965442
1876,23097507.141618714,4237469.147853598,0.1834600211127645,58834.02930568531,,,0.0,431635.3524394504,340096.5893513236,3465737.206062824
1877,23347172.996310327,4297289.95979798,0.18406039825366022,59820.811944382265,,,0.0,440115.7492688033,350596.0170643616,3506578.193464815
1878,23597802.62585775,4358110.303531774,0.18468288648012887,60820.343733794056,,,0.0,448818.15077561705,361394.57553579076,3547897.577220367
1879,23849362.68570362,4419942.950672996,0.18532750786344948,61832.64714122191,,,0.0,457747.8289277207,372499.8323632053,3589695.28938207
1880,24101819.29478562,4482800.689210656,0.18599428675413318,62857.73853765987,,,0.0,466910.1631057284,383919.50981033285,3631971.016294595
1881,24355138.05218519,4546696.31716545,0.1866832496462697,63895.627954794094,,,0.0,476310.6411748829,395661.4862507687,3674724.189739798
1882,24609284.05440133,4611642.636003952,0.1873944250393244,64946.31883850135,,,0.0,485954.86051480286,407733.79754592525,3717953.977943223
1883,24864221.913233437,4677652.443802994,0.18812784329733703,66009.8077990422,,,0.0,495848.52900451835,420144.6383533359,3761659.276445139
1884,25119915.77425557,4744738.528161185,0.18888353650548,67086.08435819112,,,0.0,505997.4659597183,432902.36336032115,3805838.6988411453
1885,25376329.335863553,4812913.658854686,0.18966153832393517,68175.13069350086,,,0.0,516407.6030188867,446015.4884385842,3850490.567397215
1886,25633425.86887511,4882190.5802346775,0.1904618838390534,69276.9213799918,,,0.0,527084.9849753089,459492.6917150628,3895612.903544306
1887,25891168.236661863,4952582.00336417,0.19128460941176537,70391.42312949244,,,0.0,538035.770551482,473342.8145539847,3941203.4182587033
1888,26149518.915791273,5024100.597892139,0.19212975252321624,71518.59452796914,,,0.0,549266.2331127555,487574.8624453172,3987259.502334066
1889,26408440.0171552,5096758.983663248,0.1929973516176018,72658.38577110879,,,0.0,560782.7613164851,502198.00579448097,4033778.216552282
1890,26667893.30756082,5170569.722061783,0.1938874459421898,73810.73839853518,,,0.0,572591.8596935864,517221.5806083094,4080756.281759887
1891,26927840.231758766,5245545.307088737,0.1948000753845133,74975.5850269543,,,0.0,584700.149158525,532655.0890718108,4128190.068858402
1892,27188241.934882283,5321698.156171398,0.19573528030673085,76152.84908266086,,,0.0,597114.3674443336,548508.2000106093,4176075.5887164553
1893,27449059.28527021,5399040.600705162,0.19669310137715393,77342.44453376345,,,0.0,609841.3694589384,564790.7492336514,4224408.482012572
1894,27710252.897646084,5477584.876327704,0.19767357939894553,78544.27562254202,,,0.0,622888.1275589834,581512.7397504993,4273184.009018221
1895,27971783.1566245,5557343.1129261395,0.19867675513600588,79758.23659843579,,,0.0,636261.7317375805,598684.3418580238,4322397.039330536
1896,28233610.24051541,5638327.324378158,0.1997026691360612,80984.21145201847,,,0.0,649969.3897217263,616315.893090741,4372042.04156569
1897,28495694.145396244,5720549.398028738,0.20075136155098536,82222.0736505799,,,881.3791758085013,663916.120016843,634320.1516965253,4421431.747139561
1898,28757994.709421236,5804021.083904421,0.2018228719543856,83471.68587568309,,,2257.411879207623,678152.4238550991,652747.050199755,4470864.19797036
1899,29020471.637336694,5888753.983667784,0.20291723915649687,84732.89976336341,,,3682.719132461134,692737.032992671,671655.8162616714,4520678.415280981
1900,29283084.525170606,5974759.5393151855,0.20403450101643197,86005.55564740114,,,5158.605944175782,707677.2959694826,691057.0043197563,4570866.6330817705
1901,29545792.885064542,6062049.0216215225,0.20517469425184728,87289.48230633698,,,6686.400022860512,722980.6672042612,710961.3181806706,4621420.63621373
1902,29808556.17021545,6150633.518336301,0.20633785424608994,88584.49671477824,,,8267.451734862905,738654.7062087224,731379.6096631103,4672331.750729606
1903,30071333.79989476,6240523.922135937,0.2075240148529021,89890.40379963629,,,9903.13404069407,754707.0766825089,752322.8770624909,4723590.834350243
1904,30334085.184512015,6331730.918337868,0.2087332081987666,91206.99620193057,,,11594.84240892977,771145.5454852333,773802.2634324569,4775188.267011248
1905,30596769.75069011,6424264.972382697,0.20996546448298836,92534.05404482968,,,13343.994706876923,787977.9814817891,795829.0546774741,4827113.941516557
1906,30859346.966319285,6518136.317091311,0.21122081177561466,93871.34470861405,,,15152.031067271917,805212.3542574618,818414.6774519911,4879357.2543145865
1907,31121776.36555694,6613354.939704555,0.21249927581330738,95218.62261324376,,,17020.413730123608,822856.7326992846,841570.6968606011,4931907.0964145465
1908,31384017.573740598,6709930.568713857,0.21380087979329135,96575.62900930177,,,18950.62685902336,840919.2834403077,865308.8139547576,4984751.844459768
1909,31646030.332181398,6807872.660491856,0.21512564416551203,97942.09177799895,,,20944.176331085942,859408.2691629356,889640.8630210586,5037879.351976776
1910,31907774.522805907,6907190.385732895,0.21647358642314646,99317.72524103895,,,23002.589499807847,878332.0467586596,914578.8086564844,5091276.940817943
1911,32169210.19261426,7007892.615713994,0.21784472089162257,100702.22998109926,,,25127.414930027484,897699.0653407251,940134.7426262314,5144931.39281701
1912,32430297.577923175,7109987.908387712,0.21923905851631206,102095.29267371818,,,27320.222104379292,917517.8641062459,966320.8804999981,5198828.941677089
1913,32690997.128362633,7213484.4943191195,0.22065660664907394,103496.58593140729,,,29582.601100407453,937797.0700458455,993149.5580622455,5252955.265110621
1914,32951269.530595984,7318390.262479879,0.2220973688338348,104905.76816075947,,,31916.16223770275,958545.3954969959,1020633.2274932651,5307295.477251915
1915,33211075.73173331,7424712.745913316,0.2235613445914061,106322.4834334366,,,34322.535694464554,979771.6355390713,1048784.4533169784,5361834.121362802
1916,33470376.962409087,7532459.107285127,0.22504852920374654,107746.36137181148,,,36803.371092713736,1001484.6652274048,1077615.9081124167,5416555.162852592
1917,33729134.75949548,7641636.124335253,0.2265589134978912,109177.01705012564,,,39360.337051687005,1023693.4366642894,1107140.3679856926,5471441.982633584
1918,33987310.98842373,7752250.175247262,0.22809248362977944,110614.05091200955,,,41995.12070874681,1046406.9759045762,1137370.7078002207,5526477.370833718
1919,34244867.86508677,7864307.223952455,0.22964922086822392,112057.04870519321,,,44709.42720730113,1069634.379694286,1168319.896161973,5581643.520888895
1920,34501767.9772972,7977812.805386695,0.2312291013792755,113505.58143423963,,,47504.97915125001,1093384.8120404792,1200000.9901588683,5636922.024036098
1921,34757974.305775575,8092772.010718863,0.23283209601124896,114959.20533216838,,,50383.516025481666,1117667.5006110943,1232427.129851572,5692293.864230716
1922,35013450.24464518,8209189.472570635,0.2344581700806854,116417.46185177192,,,53346.79358197143,1142491.7329636007,1265611.5325153477,5747739.413509716
1923,35268159.621410385,8327069.350248075,0.23610728315953655,117879.87767743971,,,56396.58319121839,1167866.8526018104,1299567.4866315082,5803238.427823538
1924,35522066.716396704,8446415.31500641,0.23777938886386957,119345.96475833561,,,59534.67115856126,1193802.2548598186,1334308.345628473,5858770.043359558
1925,35775136.281631954,8567230.535370091,0.23947443464439766,120815.22036368027,,,62762.85800522907,1220307.3826134638,1369847.5213722894,5914312.773379109
1926,36027333.55914902,8689517.662531039,0.2411923615791534,122287.12716094777,,,66082.95771389082,1247391.7218191042,1406198.4774073039,5969844.50559074
1927,36278624.298691794,8813278.81584874,0.2429331041686315,123761.15331770107,,,69496.79693850063,1275064.796880005,1443374.7219479228,6025342.500082311
1928,36528974.774807446,8938515.568476543,0.24469659013373338,125236.75262780301,,,73006.21417845145,1303336.1658413168,1481389.8006231051,6080783.387833669
1929,36778351.803308815,9065228.93313928,0.24648274021686079,126713.36466273665,,,76613.05891695015,1332215.4154146574,1520257.288975702,6136143.169831971
1930,37026722.75709267,9193419.348087901,0.24829146798650584,128190.41494862176,,,80319.19072365144,1361712.1558337726,1559990.7847193212,6191397.216811156
1931,37274055.58130032,9323086.663257565,0.2501226796456992,129667.3151696641,,,84126.4783217689,1391836.0155433568,1600603.8997558076,6246520.269636632
1932,37520318.807808615,9454230.12665609,0.25197627384468024,131143.4633985255,,,88036.79861977561,1422596.635723075,1642110.2519572321,6301486.440356008
1933,37765481.56904059,9586848.371010331,0.25385214149816226,132618.2443542406,,,92052.03570794531,1454003.6646495194,1684523.456717207,6356269.213935659
1934,38009513.61108632,9720939.400698481,0.2557501656075692,134091.0296881497,,,96174.07982022653,1486066.7518993132,1727857.1182757057,6410841.450703235
1935,38252385.30612589,9856500.578996766,0.25767022108862603,135561.17829828523,,,100404.82626170132,1518795.5423968837,1772124.8208241411,6465175.389514039
1936,38494067.66414763,9993528.6156694,0.2596121746046888,137028.03667263314,,,104746.17430229047,1552199.6703108097,1817340.119395945,6519242.651660355
1937,38734532.34395603,10132019.554931011,0.26157588440620394,138490.93926161155,,,109200.02603724184,1586288.752802972,1863516.5305505977,6573014.245540199
1938,38973751.663465105,10271968.763811005,0.26356120017668677,139949.20887999423,,,113768.28521511104,1621072.3836359312,1910667.5228580327,6626460.57210193
1939,39211698.60927427,10413370.920949565,0.26556796288561235,141402.15713855997,,,118452.8560340277,1656560.1266431557,1958806.5071920808,6679551.4310803
1940,39448346.84552493,10556220.00585511,0.26759600464861105,142849.0849055443,,,123255.64190707434,1692761.5090684122,2007946.8268417707,6732256.028037853
1941,39683670.72203726,10700509.288653107,0.2696451485953608,144289.28279799782,,,128178.54419780915,1729686.0147802243,2058101.7474501387,6784542.982224936
1942,39917645.28172796,10846231.320356157,0.27171520874556565,145722.03170304932,,,133223.4609269548,1767343.0773682627,2109284.446790948,6836380.33526999
1943,40150246.2673108,10993377.923685106,0.2738059898934071,147146.60332894884,,,138392.28545139704,1805742.0731287217,2161508.004394486,6887735.560710501
1944,40381450.12728304,11141940.184470858,0.2759172875008517,148562.2607857529,,,143686.90511673127,1844892.3139463558,2214785.391033169,6938575.574374603
1945,40611234.02120189,11291908.443666276,0.2780488876001924,149968.25919541717,,,149109.1998847751,1884803.0400814523,2269129.458080644,6988866.745619405
1946,40839575.824256346,11443272.289997177,0.28020056670619325,151363.8463309016,,,154661.0409373594,1925483.412869641,2324552.9267562283,7038574.909433949
1947,41066454.13114059,11596020.55328106,0.28237209173820116,152748.2632838823,,,160344.2892580042,1966942.5073441342,2381068.377268969,7087665.379409952
1948,41291848.25923648,11750141.298441665,0.28456321995257994,154120.74516060576,,,166160.79419312874,2009189.3047896994,2438688.23787484,7136102.961583996
1949,41515738.25111338,11905621.82024681,0.286773698885808,155480.52180514485,,,172112.39199436843,2052232.6852376638,2497424.77386278,7183851.969151997
1950,41738104.876354665,12062448.638796302,0.2890032663085736,156826.81854949147,,,178200.90434400266,2096081.4199132186,2557290.076484299,7230876.238054781
1951,41958929.63272103,12220607.495785858,0.2912516501911861,158158.85698955692,,,184428.13686518208,2140744.163644123,2618296.0518426304,7277139.143433923
1952,42178194.74666178,12380083.35157212,0.2935185686806083,159475.85578626208,,,190795.8776190637,2186229.4472436896,2680454.409758633,7322603.616950734
1953,42395883.17318589,12540860.383062799,0.29580373008939964,160777.03149067797,,,197305.8955908628,2232545.669877447,2743776.652629657,7367232.164964831
1954,42611978.59510546,12702921.982454924,0.29810683289684226,162061.59939212538,,,203959.9391669922,2279701.0914272214,2808274.0642991466,7410986.887561563
1955,42826465.42166513,12866250.756842965,0.3004275657625054,163328.77438804135,,,210759.7346053936,2327703.824862922,2873957.6989553096,7453829.49841934
1956,43039328.7865712,13030828.52871733,0.3027656075524837,164577.77187436447,,,217706.9845015241,2376561.828635298,2940838.3700766806,7495721.345503826
1957,43250554.545435525,13196636.337372288,0.3051206273785223,165807.80865495838,,,224803.3662522495,2426282.8991022427,3008926.639443558,7536623.432574239
1958,43460129.2726492,13363654.441240998,0.30749228465022443,167018.10386870988,,,232050.53051996746,2476874.6630013264,3078232.806234223,7576496.441485481
1959,43668040.25770191,13531862.32117368,0.3098802291405099,168207.8799326811,,,239450.0996997306,2528344.5699814144,3148766.896225829,7615300.755266705
1960,43874275.500963405,13701238.684673311,0.31228410106447124,169376.3634996321,,,247003.66639151558,2580699.885207398,3220538.6511188284,7652996.481955569
1961,44078823.70894371,13871761.47110157,0.31470353117174843,170522.7864282597,,,254712.79188061232,2633947.682050343,3293557.5180050484,7689543.479165568
1962,44281674.28904933,14043407.857865812,0.3171381408525171,171646.38676424138,,,262579.0046284139,2688094.8348777695,3367832.638999512,7724901.379360118
1963,44482817.34385289,14216154.267596083,0.31958754225715924,172746.4097302705,,,270603.7987764996,2743148.0119567625,3443372.8410558333,7759029.6158069875
1964,44682243.6648943,14389976.376319114,0.3220513384296535,173822.10872303136,,,278788.6326665953,2799113.6684842356,3520186.6259852215,7791887.449183063
1965,44879944.726031065,14564849.12263428,0.32452912345470075,174872.74631516635,,,287134.9273791596,2855998.039757548,3598282.1606993056,7823433.994798267
1966,45075912.67635662,14740746.71789431,0.32702048261856226,175897.59526002966,,,295644.0652932571,2913807.1344996076,3677667.267696535,7853628.25040491
1967,45270140.33270475,14917642.657391539,0.32952499258356627,176895.9394972287,,,304317.3886705893,2972546.7283517323,3758349.4158123224,7882429.124556896
1968,45462621.17175898,15095509.73254807,0.3320422215762007,177867.07515653037,,,313156.19826621894,3032222.357547801,3840335.7112520887,7909795.46548196
1969,45653349.32178558,15274320.044106185,0.33457172958868425,178810.31155811623,,,322161.7519689314,3092839.3127832506,3923632.8889269815,7935686.0904270215
1970,45842319.5540089,15454045.016312882,0.33711306859387374,179724.97220669687,,,331335.26347380236,3154402.633292174,4008247.3041113555,7960059.815435551
1971,46029527.27364802,15634655.412090236,0.33966578277333515,180610.39577735402,,,340677.90098965116,3216917.101144647,4094184.9244404696,7982875.485515469
1972,46214968.510633305,15816121.349180803,0.3422294087583717,181465.93709056638,,,350190.785984189,3280387.235778539,4181451.3222668394,8004092.0051512355
1973,46398639.910021625,15998412.31725513,0.34480347588377563,182290.96807432733,,,359874.9919692903,3344817.2887761435,4270051.66739281,8023668.3691168865
1974,46580538.722129025,16181497.195965845,0.34738750645403116,183084.8787107151,,,369731.54332904547,3410211.2388997152,4359990.720196904,8041563.693540181
1975,46760662.792399086,16365344.273930635,0.3499810160216722,183847.07796479017,,,379761.4141932061,3476572.7873956654,4451272.825170694,8057737.2471710695
1976,46939010.55102556,16549921.268623991,0.35258351367746066,184576.99469335563,,,389965.52735825884,3543905.3535804944,4543901.904880729,8072148.482804509
1977,47115581.00234732,16735195.3471553,0.35519450235202543,185274.07853130996,,,400344.75325865706,3612212.0707171583,4637881.454373278,8084757.068806208
1978,47290373.71403355,16921133.14790853,0.35781347912856815,185937.80075323023,,,410899.90899054206,3681495.782193667,4733214.536033373,8095522.920690949
1979,47463388.806076996,17107700.803016614,0.36043993556621523,186567.65510808304,,,421631.7573899594,3751759.0380131896,4829903.7749142675,8104406.232699198
1980,47634626.9396126,17294863.96164121,0.3630733580335639,187163.1586245969,,,432541.0061679601,3823004.091603976,4927951.354548115,8111367.50932116
1981,47804089.30557869,17482587.81402664,0.3657132280519449,187723.8523854278,,,443628.3071043248,3895232.896958679,5027359.01325114,8116367.596712495
1982,47971777.61323766,17670837.11629448,0.3683590226478968,188249.302267842,,,454894.2553020439,3968447.106110336,5128128.04093236,8119367.713949741
1983,48137694.078572474,17859576.215943385,0.37101021471431916,188739.09964890406,,,466339.3885041488,4042648.066951889,5230259.276417337,8120329.48407001
1984,48301841.41257528,18048769.078016732,0.37366627337975095,189192.86207334697,,,477964.18647470314,4117836.821406295,5333753.105294828,8119214.964840905
1985,48464222.8094439,18238379.311898854,0.3763266643851939,189610.23388212174,,,489769.07044535107,4194014.1039523617,5438609.458293181,8115986.67920796
1986,48624841.934701465,18428370.198698852,0.3789908504678822,189990.88679999858,,,501754.40262890025,4271180.34051185,5544827.810194079,8110607.645364024
1987,48783702.91325441,18618704.719179384,0.38165829175137767,190334.5204805322,,,513920.4858012547,4349335.647701368,5652407.179289058,8103041.406387704
1988,48940810.31740329,18809345.582186088,0.38432844614134865,190640.86300670356,,,526267.5629525158,4428479.832452725,5761346.127380767,8093252.059400081
1989,49096169.15482046,19000255.253532253,0.3870007697263837,190909.67134616524,,,538795.817008648,4508612.392004275,5871642.760334885,8081204.284184447
1990,49249784.85650867,19191395.985291593,0.38967471718316204,191140.73175933957,,,551505.3706241008,4589732.514265252,5983294.729181495,8066863.371220745
1991,49401663.264753625,19382729.84545118,0.39234974218530183,191333.86015958712,,,564396.2860462982,4671839.07855339,6096299.2317682095,8050195.249083282
1992,49551810.62108333,19574218.747875333,0.3950252978151899,191488.90242415294,,,577468.565052354,4754930.656706414,6210653.014963528,8031166.511153037
1993,49700233.554246806,19765824.48253048,0.3977008369780894,191605.73465514556,,,590722.1489583463,4839005.51456578,6326352.377408098,8009744.441598252
1994,49846939.068224,19957508.745920155,0.4003758128178125,191684.2633896768,,,604156.9187014188,4924061.613832728,6443393.172810479,7985897.0405755285
1995,49991934.5302783,20149233.1716788,0.4030496791332438,191724.42575864494,,,617772.6949945419,5010096.614292024,6561770.813783803,7959593.048608432
1996,50135227.659062766,20340959.361272417,0.4057218907949938,191726.18959361687,,,631569.2385538139,5097107.876401324,6681480.27621564,7930801.970101639
1997,50276826.51279063,20532648.914754048,0.40839190416146215,191689.55348163098,,,645546.2503981476,5185092.464241869,6802516.104166405,7899494.095947627
1998,50416739.47748,20724263.461521547,0.41105917749359017,191614.5467674993,,,659703.3722204899,5274047.14882509,6924872.415285419,7865640.525190549
1999,50554975.25528267,20915764.691025518,0.4137231713675887,191501.2295039706,,,674040.1868302404,5363968.411750056,7048542.906737202,7829213.185708022
2000,50691542.85290575,21107114.383375064,0.4163833490849284,191349.69234954566,,,688556.2186659427,5454852.449203746,7173520.861626599,7790184.853878775
2001,50826451.57013536,21298274.43978953,0.41903917707888905,191160.05641446635,,,703250.9343770362,5546695.176298762,7299799.155910751,7748529.173202981
2002,50959710.988470145,21489206.912844818,0.4216901253169753,190932.4730552882,,,718123.743474046,5639492.231738474,7427370.265786196,7704220.671846101
2003,51091330.959872685,21679874.03646331,0.4243356676985135,190667.123618491,,,733173.9990453322,5733238.982802059,7556226.27553521,7657234.779080708
2004,51221321.595646106,21870238.255597454,0.4269752824467625,190364.21913414448,,,748400.9985394013,5827930.530639371,7686358.885819622,7607547.840599059
2005,51349693.25544271,22060262.25555765,0.42960845249488255,190023.99996019527,,,763803.9846109885,5923561.715865308,7817759.422402567,7555137.132678784
2006,51476456.53641122,22249908.990936343,0.4322346658651252,189646.7353786938,,,779382.1460293375,6020127.124443175,7950418.845285726,7499980.875178103
2007,51601622.26248859,22439141.714081235,0.4348534160406271,189232.7231448926,,,795134.6186465655,6117621.093845225,8084327.75824001,7442058.243349434
2008,51725201.473842114,22627924.003071904,0.4374642023292078,188782.28899066895,,,811060.4864245275,6216037.719479306,8219476.418715317,7381349.3784527555
2009,51847205.41646702,22816219.789155465,0.44006653021859654,188295.78608356044,,,827158.7825178377,6315370.861367621,8355854.748107935,7317835.3971620705
2010,51967645.53194431,23003993.38359853,0.4426599117225363,187773.59444306418,,,843428.4904107176,6415614.151066111,8493452.342366511,7251498.399755188
2011,52086533.44736348,23191209.503914263,0.4452438657172367,187216.1203157343,,,859868.5451058953,6516760.998809908,8632258.48291661,7182321.477081849
2012,52203880.96541392,23377833.299425118,0.4478179182676741,186623.79551085457,,,876477.8343624081,6618804.600871668,8772262.147882517,7110288.716308523
2013,52319700.05464889,23563830.376123726,0.45038160294326746,185997.0766986087,,,893255.1999805523,6721737.947118624,8913452.023584709,7035385.20543984
2014,52434002.83992534,23749166.820796285,0.4529344611224822,185336.44467255846,,,910199.4391308768,6825553.828753421,9055816.516292607,6957597.036619381
2015,52546801.593022496,23933809.22437479,0.4554760422859472,184642.40357850492,,,927309.3057247975,6930244.84622457,9199343.764208289,6876911.308217133
2016,52658108.723441906,24117724.704486623,0.45800590429770016,183915.48011183366,,,944583.5118241365,7035803.417290414,9344021.64966102,6793316.125711055
2017,52767936.76939119,24300880.927172095,0.4605236136742071,183156.22268547118,,,962020.7290868189,7142221.785223897,9489837.811487906,6706800.601373473
2018,52876298.38895363,24483246.127742723,0.4630287458408304,182365.20057062805,,,979619.5902456953,7249492.027139525,9636779.65758022,6617354.852777284
2019,52983206.351445094,24664789.13075537,0.4655208853754591,181543.003012646,,,997378.6906181006,7357606.062430392,9784834.37757013,6524970.000136743
2020,53088673.52895975,24845479.36907958,0.46799962623903996,180690.23832421005,,,1015296.5896427477,7466555.661297305,9933988.955636922,6429638.162502605
2021,53192712.88810585,25025286.90203776,0.4704645719927839,179807.5329581797,,,1033371.8124414352,7576332.453356806,10084230.18340917,6331352.452830346
2022,53295337.48193194,25204182.432600316,0.47291533600185903,178895.53056255728,,,1051602.851402533,7686927.936310944,10235544.672939802,6230106.971947039
2023,53396560.44204472,25382137.323620025,0.47535154162540405,177954.8910197094,,,1069988.1677832254,7798333.484664891,10387918.869732853,6125896.801439056
2024,53496394.97091824,25559123.613092408,0.4777728223927403,176986.28947238252,,,1088526.1933278136,7910540.358476621,10541339.065797849,6018717.9954901235
2025,53594854.33439486,25735114.028431263,0.4801788221656865,175990.41533885524,,,1107215.3318990467,8023539.712123686,10695791.412711957,5908567.571696572
2026,53691951.854377784,25910081.999750618,0.4825691952869103,174967.97131935507,,,1126053.961119489,8137322.6030736035,10851261.93466677,5795443.500890756
2027,53787700.90171463,26084001.67214701,0.4849436067142909,173919.67239639163,,,1145040.4340204236,8251880.000640969,11007736.541478539,5679344.696007077
2028,53882114.88927158,26256847.91697801,0.4873017321412896,172846.24483099952,,,1164173.0806950778,8367202.794720181,11165201.041542673,5560271.000020076
2029,53975207.26519732,26428596.34213534,0.48964325810335957,171748.42515733093,,,1183450.2099537507,8483281.804477178,11323641.154711554,5438223.172992858
2030,54066991.50637564,26599223.301313,0.49196788207045683,170626.9591776617,,,1202870.1109777638,8600107.786988594,11483042.525073923,5313202.8782727225
2031,54157481.11206585,26768705.902273174,0.49427531252573936,169482.6009601727,,,1222431.0549699462,8717671.445814433,11643390.733621044,5185212.667867753
2032,54246689.5977293,26937022.014114507,0.4965652690305743,168316.11184133217,,,1242131.296798696,8835963.439491505,11804671.310777234,5054255.967047072
2033,54334630.489040844,27104150.2735497,0.4988374822759959,167128.25943519175,,,1261969.076633488,8954974.389935922,11966869.748779437,4920337.058200854
2034,54421317.31608342,27270070.090201158,0.5010916941207869,165919.81665145978,,,1281942.6215688428,9074694.890742078,12129971.513888426,4783461.06400181
2035,54506763.607724115,27434761.65092529,0.5033276576163757,164691.56072413176,,,1302050.1472348443,9195115.515367465,12293962.058413386,4643633.929909594
2036,54590982.88616968,27598205.923178066,0.5055451370187716,163444.27225277573,,,1322289.859391774,9316226.825192504,12458826.832538303,4500862.406055484
2037,54673988.66169961,27760384.65743603,0.5077439077877781,162178.73425796628,,,1342659.9555063217,9438019.377444461,12624551.295930883,4355154.028554366
2038,54755794.42757449,27921280.388688672,0.5099237565737478,160895.7312526405,,,1363158.6263079424,9560483.732975911,12791120.929124234,4206517.100280585
2039,54836413.655117616,28080876.437019687,0.5120844811921619,159596.0483310148,,,1383784.0573224414,9683610.463889558,12958521.244653873,4054960.6711538145
2040,54915859.78896719,28239156.907296054,0.5142258905863367,158280.47027636692,,,1404534.4303816906,9807390.16099872,13126737.79794263,3900494.517973013
2041,54994146.24249709,28396106.687985297,0.5163478047785751,156949.78068924323,,,1425407.92510719,9931813.441118013,13295756.197918028,3743129.123842069
2042,55071286.393403314,28551711.449122585,0.5184500548100986,155604.76113728806,,,1446402.720365651,10056870.95417325,13465562.117352648,3582875.6572310375
2043,55147293.57945386,28705957.63945056,0.5205324826701104,154246.1903279759,,,1467516.9956954243,10182553.390127208,13636141.302920248,3419745.950707682
2044,55222181.09439907,28858832.48275581,0.5225949412143525,152874.84330524877,,,1488748.9327018,10308851.485712338,13807479.584953608,3253752.4793880633
2045,55295962.18404,29010323.973426994,0.5246372940735301,151491.4906711839,,,1510096.7164198875,10435756.030965477,13979562.886901205,3084908.339140425
2046,55368650.042451926,29160420.871260468,0.5266594155519913,150096.89783347398,,,1531558.5366441798,10563257.875560226,14152377.234473584,2913227.2245824775
2047,55440257.80836021,29309112.695540145,0.5286611905170546,148691.82427967712,,,1553132.5892227136,10691347.934928894,14325908.764470909,2738723.406917629
2048,55510798.561665595,29456389.718418986,0.5306425142793901,147277.02287884057,,,1574817.0773156302,10820017.19617554,14500143.73329042,2561411.711637394
2049,55580285.320116244,29602242.957630135,0.5326032924648582,145853.2392111495,,,1596610.212616618,10949256.72377059,14675068.525105452,2381307.4961374733
2050,55648731.03612335,29746664.16855632,0.5345434408782264,144421.2109261863,,,1618510.2165364726,11079057.665028004,14850669.659713631,2198426.6272782134
