cohort,TOT,AB,MFH,SFH,TH
1600,10.520915328082905,4.457547205595395,6.581150631424265,20.874596779782415,13.000856488932675
1601,10.519061700810651,4.456588933370789,6.578025173727242,20.874136674263816,12.998151284824798
1602,10.517245520553999,4.4556500201810225,6.574962856589756,20.873685863806198,12.995500731304961
1603,10.515466787312947,4.454730466026095,6.571963680011804,20.873244348409564,12.99290482837316
1604,10.513725501087496,4.45383027090601,6.569027643993389,20.87281212807391,12.990363576029397
1605,10.512021661877649,4.4529494348207646,6.566154748534508,20.872389202799237,12.987876974273671
1606,10.5103552696834,4.452087957770359,6.563344993635164,20.871975572585544,12.985445023105983
1607,10.508726324504753,4.4512458397547965,6.560598379295358,20.871571237432832,12.983067722526336
1608,10.507134826341709,4.450423080774073,6.557914905515085,20.87117619734111,12.980745072534724
1609,10.505580775194263,4.44961968082819,6.55529457229435,20.870790452310363,12.978477073131149
1610,10.504064171062419,4.448835639917148,6.552737379633149,20.8704140023406,12.976263724315615
1611,10.502585013946174,4.448070958040945,6.550243327531485,20.87004684743182,12.974105026088118
1612,10.501143303845534,4.447325635199583,6.547812415989355,20.86968898758402,12.972000978448657
1613,10.499739040760492,4.446599671393064,6.5454446450067625,20.869340422797197,12.969951581397234
1614,10.498372224691055,4.445893066621384,6.543140014583705,20.869001153071363,12.967956834933851
1615,10.497042855637215,4.445205820884543,6.540898524720183,20.86867117840651,12.966016739058505
1616,10.495750933598979,4.444537934182543,6.538720175416198,20.86835049880264,12.964131293771198
1617,10.494496458576345,4.443889406515386,6.536604966671748,20.86803911425975,12.962300499071928
1618,10.493279430569308,4.443260237883068,6.534552898486834,20.867737024777835,12.960524354960695
1619,10.492099849577873,4.4426504282855905,6.532563970861455,20.86744423035691,12.958802861437501
1620,10.490957715602038,4.442059977722955,6.530638183795613,20.86716073099696,12.957136018502343
1621,10.489853028641807,4.441488886195159,6.528775537289308,20.866886526698,12.955523826155225
1622,10.488785788697179,4.440937153702203,6.526976031342536,20.86662161746002,12.953966284396143
1623,10.487755995768147,4.440404780244086,6.525239665955302,20.86636600328302,12.952463393225104
1624,10.48676364985472,4.439891765820813,6.523566441127603,20.866119684167007,12.951015152642098
1625,10.48580875095689,4.4393981104323785,6.521956356859439,20.865882660111964,12.94962156264713
1626,10.484891299074665,4.438923814078785,6.520409413150813,20.865654931117913,12.9482826232402
1627,10.484011294208038,4.438468876760031,6.518925610001719,20.865436497184838,12.946998334421309
1628,10.483168736357017,4.438033298476121,6.5175049474121645,20.865227358312755,12.945768696190457
1629,10.482363625521591,4.437617079227047,6.516147425382143,20.865027514501637,12.944593708547641
1630,10.48159596170177,4.437220219012817,6.514853043911661,20.86483696575151,12.943473371492864
1631,10.480865744897548,4.436842717833426,6.513621803000712,20.864655712062365,12.942407685026126
1632,10.480172975108928,4.436484575688875,6.512453702649299,20.864483753434204,12.941396649147423
1633,10.47951765233591,4.436145792579166,6.511348742857423,20.864321089867023,12.940440263856761
1634,10.47889977657849,4.435826368504297,6.510306923625081,20.86416772136082,12.939538529154134
1635,10.478319347836676,4.435526303464267,6.509328244952277,20.864023647915605,12.938691445039547
1636,10.477776366110458,4.43524559745908,6.508412706839006,20.863888869531365,12.937899011512997
1637,10.477270831399842,4.434984250488732,6.507560309285274,20.86376338620811,12.937161228574483
1638,10.476802743704832,4.434742262553226,6.506771052291076,20.863647197945838,12.93647809622401
1639,10.476372103025419,4.434519633652559,6.506044935856413,20.863540304744546,12.935849614461572
1640,10.475978909361608,4.434316363786733,6.505381959981288,20.863442706604236,12.935275783287178
1641,10.475623162713399,4.4341324529557475,6.504782124665698,20.863354403524912,12.934756602700816
1642,10.475304863080789,4.433967901159604,6.504245429909642,20.863275395506566,12.934292072702492
1643,10.47502401046378,4.433822708398299,6.5037718757131255,20.863205682549204,12.933882193292211
1644,10.47478060486237,4.433696874671836,6.503361462076141,20.863145264652818,12.933526964469964
1645,10.474574646276567,4.433590399980212,6.503014188998695,20.86309414181742,12.933226386235754
1646,10.474406134706362,4.4335032843234305,6.502730056480783,20.863052314043006,12.932980458589583
1647,10.474275070151757,4.433435527701487,6.502509064522407,20.863019781329562,12.93278918153145
1648,10.474181452612754,4.433387130114387,6.502351213123568,20.86299654367711,12.932652555061356
1649,10.474125282089354,4.433358091562126,6.502256502284264,20.862982601085637,12.932570579179298
1650,10.474106558581552,4.4333484120447055,6.502224932004498,20.862977953555145,12.93254325388528
1651,10.474125282089354,4.433358091562126,6.502256502284264,20.86298260108564,12.932570579179298
1652,10.474181452612754,4.4333871301143875,6.5023512131235695,20.86299654367711,12.932652555061356
1653,10.474275070151759,4.433435527701488,6.502509064522408,20.863019781329566,12.932789181531453
1654,10.474406134706365,4.433503284323431,6.502730056480784,20.863052314043006,12.932980458589585
1655,10.474574646276565,4.433590399980212,6.503014188998694,20.863094141817417,12.933226386235752
1656,10.47478060486237,4.433696874671835,6.503361462076141,20.863145264652818,12.933526964469964
1657,10.47502401046378,4.433822708398299,6.503771875713125,20.863205682549204,12.93388219329221
1658,10.475304863080787,4.433967901159604,6.504245429909641,20.863275395506562,12.934292072702494
1659,10.475623162713397,4.4341324529557475,6.504782124665697,20.863354403524912,12.934756602700816
1660,10.475978909361608,4.434316363786733,6.505381959981288,20.863442706604236,12.935275783287176
1661,10.476372103025417,4.434519633652558,6.506044935856413,20.863540304744546,12.935849614461572
1662,10.476802743704832,4.434742262553225,6.506771052291077,20.863647197945838,12.93647809622401
1663,10.477270831399844,4.434984250488733,6.507560309285274,20.863763386208113,12.937161228574485
1664,10.477776366110458,4.43524559745908,6.508412706839006,20.863888869531362,12.937899011512995
1665,10.478319347836674,4.435526303464267,6.509328244952275,20.8640236479156,12.938691445039545
1666,10.47889977657849,4.435826368504297,6.5103069236250795,20.86416772136082,12.939538529154133
1667,10.47951765233591,4.436145792579166,6.511348742857423,20.86432108986702,12.94044026385676
1668,10.480172975108928,4.436484575688874,6.512453702649299,20.864483753434204,12.941396649147423
1669,10.480865744897548,4.436842717833426,6.513621803000711,20.864655712062365,12.942407685026126
1670,10.48159596170177,4.437220219012816,6.5148530439116605,20.86483696575151,12.943473371492864
1671,10.482363625521591,4.4376170792270475,6.516147425382145,20.865027514501634,12.944593708547643
1672,10.483168736357014,4.43803329847612,6.5175049474121645,20.865227358312747,12.945768696190456
1673,10.484011294208038,4.438468876760031,6.518925610001719,20.865436497184835,12.946998334421309
1674,10.484891299074663,4.438923814078785,6.520409413150811,20.86565493111791,12.948282623240202
1675,10.485808750956888,4.439398110432378,6.521956356859437,20.865882660111957,12.949621562647128
1676,10.486763649854717,4.439891765820812,6.523566441127602,20.866119684167,12.951015152642096
1677,10.487755995768147,4.440404780244086,6.525239665955301,20.86636600328302,12.952463393225102
1678,10.488785788697179,4.440937153702202,6.526976031342536,20.86662161746002,12.953966284396143
1679,10.489853028641807,4.441488886195158,6.528775537289307,20.866886526698,12.955523826155225
1680,10.49095771560204,4.442059977722955,6.530638183795614,20.867160730996964,12.957136018502343
1681,10.492099849577873,4.4426504282855905,6.532563970861455,20.86744423035691,12.9588028614375
1682,10.493279430569308,4.443260237883068,6.534552898486834,20.867737024777835,12.960524354960693
1683,10.49449645857634,4.443889406515385,6.536604966671748,20.868039114259737,12.962300499071926
1684,10.495750933598977,4.444537934182545,6.538720175416197,20.868350498802638,12.964131293771196
1685,10.497042855637211,4.445205820884543,6.540898524720181,20.868671178406505,12.966016739058503
1686,10.498372224691055,4.445893066621383,6.543140014583705,20.869001153071363,12.967956834933851
1687,10.49973904076049,4.446599671393063,6.545444645006761,20.869340422797194,12.969951581397233
1688,10.501143303845534,4.447325635199583,6.547812415989355,20.86968898758402,12.972000978448657
1689,10.502585013946174,4.4480709580409465,6.550243327531484,20.87004684743182,12.974105026088116
1690,10.504064171062419,4.448835639917148,6.552737379633149,20.8704140023406,12.976263724315615
1691,10.50558077519426,4.449619680828189,6.55529457229435,20.87079045231036,12.978477073131147
1692,10.507134826341705,4.450423080774072,6.557914905515084,20.871176197341104,12.98074507253472
1693,10.508726324504753,4.451245839754796,6.5605983792953575,20.871571237432832,12.983067722526332
1694,10.5103552696834,4.452087957770359,6.563344993635166,20.871975572585544,12.985445023105983
1695,10.512021661877649,4.4529494348207646,6.56615474853451,20.872389202799237,12.987876974273673
1696,10.513725501087496,4.453830270906009,6.569027643993388,20.872812128073907,12.990363576029397
1697,10.515466787312947,4.454730466026095,6.571963680011804,20.87324434840956,12.99290482837316
1698,10.517245520553999,4.455650020181022,6.574962856589756,20.873685863806198,12.99550073130496
1699,10.519061700810651,4.456588933370789,6.578025173727242,20.874136674263816,12.9981512848248
1700,10.520915328082905,4.457547205595395,6.581150631424265,20.874596779782415,13.000856488932675
1701,10.522806402370758,4.458524836854843,6.584339229680824,20.875066180361994,13.00361634362859
1702,10.524734923674213,4.459521827149131,6.587590968496919,20.875544876002557,13.006430848912546
1703,10.526700891993272,4.46053817647826,6.590905847872549,20.876032866704108,13.009300004784535
1704,10.52870430732793,4.461573884842231,6.5942838678077145,20.876530152466636,13.012223811244562
1705,10.530745169678188,4.462628952241039,6.597725028302416,20.87703673329014,13.015202268292628
1706,10.532823479044048,4.4637033786746905,6.601229329356656,20.877552609174632,13.018235375928734
1707,10.534939235425508,4.464797164143182,6.604796770970429,20.878077780120105,13.021323134152876
1708,10.53709243882257,4.465910308646514,6.608427353143736,20.878612246126558,13.024465542965055
1709,10.539283089235234,4.467042812184686,6.612121075876583,20.87915600719399,13.027662602365274
1710,10.541511186663499,4.468194674757698,6.615877939168963,20.879709063322416,13.03091431235353
1711,10.543776731107364,4.469365896365551,6.61969794302088,20.88027141451181,13.034220672929825
1712,10.54607972256683,4.4705564770082455,6.623581087432331,20.880843060762196,13.037581684094155
1713,10.548420161041898,4.471766416685781,6.627527372403321,20.881424002073558,13.040997345846527
1714,10.550798046532567,4.472995715398155,6.631536797933846,20.882014238445905,13.044467658186933
1715,10.553213379038835,4.474244373145371,6.635609364023905,20.882613769879235,13.04799262111538
1716,10.555666158560705,4.4755123899274265,6.639745070673501,20.883222596373535,13.051572234631864
1717,10.558156385098178,4.476799765744324,6.643943917882633,20.883840717928827,13.055206498736384
1718,10.560684058651251,4.478106500596062,6.6482059056513005,20.884468134545106,13.058895413428944
1719,10.563249179219927,4.479432594482639,6.652531033979505,20.885104846222358,13.062638978709542
1720,10.565851746804201,4.4807780474040575,6.6569193028672435,20.88575085296059,13.066437194578176
1721,10.568491761404077,4.482142859360316,6.6613707123145165,20.886406154759808,13.070290061034848
1722,10.571169223019554,4.483527030351415,6.665885262321328,20.88707075162001,13.074197578079561
1723,10.573884131650631,4.4849305603773555,6.670462952887675,20.88774464354119,13.078159745712306
1724,10.576636487297312,4.486353449438137,6.675103784013558,20.888427830523355,13.082176563933096
1725,10.579426289959594,4.487795697533757,6.679807755698977,20.8891203125665,13.086248032741922
1726,10.582253539637476,4.4892573046642195,6.6845748679439305,20.889822089670627,13.090374152138784
1727,10.585118236330958,4.490738270829522,6.689405120748421,20.890533161835737,13.094554922123685
1728,10.58802038004004,4.492238596029663,6.694298514112445,20.891253529061824,13.098790342696622
1729,10.590959970764727,4.493758280264648,6.699255048036008,20.8919831913489,13.1030804138576
1730,10.593937008505012,4.495297323534471,6.704274722519104,20.89272214869695,13.107425135606613
1731,10.596951493260898,4.4968557258391355,6.709357537561736,20.893470401105986,13.111824507943663
1732,10.600003425032387,4.498433487178639,6.714503493163906,20.89422794857601,13.116278530868756
1733,10.603092803819477,4.5000306075529855,6.719712589325611,20.894994791107006,13.120787204381884
1734,10.606219629622169,4.501647086962173,6.724984826046851,20.89577092869899,13.12535052848305
1735,10.609383902440458,4.503282925406199,6.7303202033276275,20.89655636135195,13.129968503172254
1736,10.612585622274352,4.504938122885066,6.73571872116794,20.897351089065896,13.134641128449498
1737,10.615824789123844,4.506612679398773,6.741180379567789,20.898155111840826,13.139368404314775
1738,10.619101402988939,4.508306594947322,6.74670517852717,20.898968429676735,13.144150330768094
1739,10.622415463869634,4.510019869530711,6.752293118046091,20.899791042573625,13.14898690780945
1740,10.62576697176593,4.51175250314894,6.757944198124546,20.900622950531496,13.153878135438841
1741,10.629155926677825,4.5135044958020085,6.763658418762536,20.901464153550346,13.15882401365627
1742,10.632582328605329,4.51527584748992,6.769435779960065,20.902314651630185,13.163824542461743
1743,10.63604617754843,4.517066558212672,6.775276281717129,20.903174444771008,13.168879721855252
1744,10.639547473507129,4.518876627970263,6.781179924033727,20.904043532972807,13.173989551836796
1745,10.64308621648143,4.520706056762695,6.787146706909862,20.90492191623558,13.179154032406379
1746,10.646662406471334,4.522554844589967,6.793176630345531,20.905809594559347,13.184373163564
1747,10.650276043476838,4.524422991452081,6.799269694340738,20.90670656794409,13.18964694530966
1748,10.653927127497944,4.5263104973490345,6.8054258988954786,20.90761283638982,13.194975377643354
1749,10.65761565853465,4.52821736228083,6.811645244009759,20.908528399896532,13.200358460565091
1750,10.661341636586956,4.530143586247464,6.81792772968357,20.90945325846422,13.205796194074862
1751,10.665105061654867,4.532089169248939,6.82427335591692,20.910387412092895,13.211288578172676
1752,10.668905933738376,4.534054111285255,6.8306821227098045,20.91133086078255,13.216835612858523
1753,10.672744252837488,4.536038412356413,6.837154030062226,20.912283604533187,13.222437298132409
1754,10.6766200189522,4.538042072462409,6.843689077974181,20.913245643344798,13.22809363399433
1755,10.680533232082512,4.540065091603247,6.850287266445675,20.914216977217404,13.233804620444294
1756,10.684483892228426,4.542107469778925,6.856948595476704,20.915197606150986,13.239570257482297
1757,10.68847199938994,4.544169206989443,6.8636730650672675,20.91618753014554,13.245390545108332
1758,10.692497553567057,4.546250303234803,6.870460675217369,20.917186749201093,13.251265483322408
1759,10.696560554759776,4.548350758515003,6.8773114259270045,20.918195263317617,13.257195072124523
1760,10.700661002968094,4.5504705728300445,6.884225317196178,20.919213072495133,13.263179311514678
1761,10.704798898192013,4.552609746179924,6.8912023490248835,20.92024017673362,13.269218201492865
1762,10.708974240431534,4.554768278564645,6.8982425214131275,20.92127657603309,13.275311742059095
1763,10.713187029686654,4.556946169984209,6.905345834360908,20.922322270393547,13.28145993321336
1764,10.717437265957379,4.559143420438611,6.91251228786822,20.92337725981498,13.287662774955663
1765,10.7217249492437,4.5613600299278545,6.919741881935072,20.924441544297398,13.293920267286003
1766,10.726050079545624,4.563595998451937,6.927034616561459,20.925515123840796,13.300232410204382
1767,10.730412656863153,4.565851326010862,6.934390491747381,20.926597998445178,13.306599203710801
1768,10.73481268119628,4.568126012604625,6.94180950749284,20.927690168110544,13.313020647805255
1769,10.73925015254501,4.570420058233232,6.949291663797833,20.928791632836887,13.319496742487749
1770,10.743725070909337,4.572733462896677,6.956836960662364,20.929902392624214,13.32602748775828
1771,10.748237436289267,4.575066226594965,6.964445398086428,20.93102244747252,13.332612883616848
1772,10.752787248684799,4.5774183493280916,6.972116976070031,20.932151797381813,13.339252930063454
1773,10.75737450809593,4.5797898310960585,6.979851694613168,20.933290442352085,13.345947627098097
1774,10.761999214522664,4.582180671898867,6.98764955371584,20.93443838238334,13.352696974720784
1775,10.766661367965,4.584590871736515,6.9955105533780495,20.935595617475578,13.359500972931505
1776,10.771360968422934,4.587020430609004,7.003434693599795,20.936762147628794,13.366359621730261
1777,10.776098015896473,4.589469348516335,7.011421974381076,20.93793797284299,13.373272921117058
1778,10.78087251038561,4.591937625458505,7.019472395721891,20.939123093118173,13.380240871091894
1779,10.78568445189035,4.594425261435516,7.027585957622246,20.94031750845434,13.387263471654768
1780,10.790533840410689,4.596932256447369,7.035762660082134,20.94152121885148,13.394340722805676
1781,10.79542067594663,4.59945861049406,7.044002503101556,20.942734224309614,13.401472624544622
1782,10.800344958498172,4.602004323575592,7.052305486680516,20.943956524828717,13.408659176871609
1783,10.805306688065315,4.604569395691965,7.060671610819011,20.945188120408808,13.415900379786635
1784,10.810305864648056,4.607153826843179,7.069100875517042,20.94642901104988,13.423196233289694
1785,10.815342488246404,4.609757617029233,7.077593280774609,20.947679196751935,13.430546737380794
1786,10.82041655886035,4.612380766250127,7.086148826591711,20.94893867751497,13.437951892059932
1787,10.825528076489897,4.615023274505863,7.09476751296835,20.950207453338987,13.445411697327108
1788,10.830677041135049,4.617685141796439,7.103449339904527,20.95148552422399,13.452926153182325
1789,10.835863452795799,4.620366368121856,7.112194307400236,20.95277289016997,13.460495259625574
1790,10.84108731147215,4.6230669534821125,7.121002415455482,20.954069551176936,13.468119016656862
1791,10.846348617164102,4.62578689787721,7.129873664070264,20.95537550724488,13.475797424276191
1792,10.851647369871653,4.628526201307148,7.138808053244581,20.956690758373803,13.483530482483555
1793,10.856983569594808,4.631284863771927,7.147805582978436,20.958015304563716,13.49131819127896
1794,10.862357216333562,4.634062885271545,7.156866253271825,20.959349145814606,13.4991605506624
1795,10.867768310087918,4.636860265806005,7.16599006412475,20.960692282126473,13.507057560633879
1796,10.873216850857876,4.639677005375305,7.175177015537211,20.96204471349933,13.515009221193395
1797,10.878702838643434,4.642513103979446,7.184427107509207,20.963406439933166,13.52301553234095
1798,10.884226273444591,4.645368561618428,7.1937403400407405,20.964777461427982,13.531076494076542
1799,10.889787155261352,4.64824337829225,7.203116713131809,20.96615777798378,13.539192106400172
1800,10.895385484093715,4.651137554000912,7.212556226782413,20.967547389600565,13.547362369311843
1801,10.901021259941677,4.654051088744415,7.222058880992554,20.96894629627833,13.555587282811548
1802,10.906694482805243,4.656983982522759,7.231624675762229,20.970354498017073,13.563866846899291
1803,10.912405152684405,4.659936235335942,7.241253611091441,20.971771994816798,13.572201061575074
1804,10.918153269579173,4.662907847183967,7.25094568698019,20.973198786677507,13.580589926838897
1805,10.92393883348954,4.665898818066833,7.260700903428472,20.974634873599197,13.589033442690754
1806,10.92976184441551,4.6689091479845395,7.270519260436292,20.976080255581874,13.59753160913065
1807,10.935622302357078,4.671938836937087,7.280400758003648,20.977534932625527,13.606084426158585
1808,10.941520207314248,4.674987884924472,7.290345396130538,20.978998904730165,13.614691893774555
1809,10.94745555928702,4.6780562919467,7.300353174816965,20.98047217189578,13.623354011978567
1810,10.95337029200347,4.681116017453168,7.31036095578091,20.981882678271905,13.631996235852755
1811,10.958916007832071,4.6839988181402745,7.319989909330277,20.982798088755693,13.640171295889965
1812,10.964034640500897,4.686676653457419,7.329176897183046,20.983146347496668,13.647804647172336
1813,10.968726190009953,4.689149523404604,7.337921919339218,20.98292745449483,13.654896289699868
1814,10.97299065635924,4.691417427981827,7.346224975798798,20.982141409750188,13.661446223472566
1815,10.976828039548751,4.693480367189089,7.354086066561776,20.980788213262723,13.667454448490425
1816,10.980238339578493,4.69533834102639,7.3615051916281615,20.978867865032456,13.672920964753448
1817,10.983221556448463,4.696991349493729,7.368482350997952,20.976380365059377,13.677845772261636
1818,10.985777690158658,4.698439392591107,7.375017544671144,20.973325713343478,13.682228871014981
1819,10.987906740709084,4.699682470318525,7.38111077264774,20.969703909884775,13.68607026101349
1820,10.98960870809974,4.70072058267598,7.386762034927742,20.965514954683258,13.689369942257162
1821,10.99088359233062,4.701553729663475,7.391971331511145,20.960758847738926,13.692127914745996
1822,10.991731393401727,4.702181911281008,7.396738662397951,20.955435589051785,13.694344178479993
1823,10.992152111313064,4.702605127528581,7.401064027588161,20.949545178621833,13.696018733459148
1824,10.992145746064631,4.702823378406191,7.404947427081777,20.943087616449073,13.697151579683473
1825,10.991712297656424,4.702836663913841,7.408388860878795,20.93606290253349,13.697742717152954
1826,10.990851766088445,4.7026449840515285,7.411388328979217,20.92847103687511,13.6977921458676
1827,10.989564151360693,4.702248338819257,7.413945831383042,20.920312019473904,13.697299865827409
1828,10.98784945347317,4.701646728217022,7.416061368090274,20.91158585032989,13.69626587703238
1829,10.985707672425876,4.700840152244828,7.4177349391009075,20.90229252944307,13.694690179482514
1830,10.983138808218813,4.699828610902673,7.418966544414946,20.892432056813437,13.69257277317781
1831,10.980142860851974,4.698612104190555,7.419756184032385,20.88200443244099,13.689913658118266
1832,10.976719830325365,4.697190632108476,7.420103857953232,20.871009656325736,13.68671283430389
1833,10.97286971663898,4.695564194656436,7.42000956617748,20.859447728467664,13.68297030173467
1834,10.968592519792827,4.693732791834434,7.4194733087051326,20.847318648866782,13.678686060410614
1835,10.9638882397869,4.6916964236424725,7.418495085536188,20.83462241752309,13.673860110331724
1836,10.958756876621203,4.68945509008055,7.417074896670647,20.821359034436583,13.668492451497993
1837,10.953198430295732,4.6870087911486635,7.4152127421085074,20.807528499607265,13.662583083909423
1838,10.947212900810488,4.684357526846816,7.412908621849776,20.793130813035134,13.656132007566017
1839,10.940800288165475,4.68150129717501,7.4101625358944485,20.7781659747202,13.649139222467777
1840,10.933960592360691,4.678440102133242,7.406974484242522,20.762633984662447,13.641604728614695
1841,10.926693813396131,4.675173941721511,7.403344466894,20.746534842861877,13.633528526006774
1842,10.918999951271802,4.67170281593982,7.399272483848883,20.729868549318507,13.62491061464402
1843,10.9108790059877,4.6680267247881675,7.394758535107168,20.71263510403232,13.615750994526428
1844,10.902330977543828,4.664145668266555,7.389802620668857,20.69483450700332,13.606049665653998
1845,10.893355865940178,4.660059646374981,7.3844047405339515,20.67646675823151,13.595806628026727
1846,10.883953671176766,4.655768659113445,7.378564894702449,20.65753185771689,13.585021881644622
1847,10.874124393253574,4.651272706481948,7.372283083174349,20.63802980545946,13.573695426507676
1848,10.863868032170613,4.64657178848049,7.365559305949655,20.617960601459206,13.561827262615894
1849,10.853184587927881,4.641665905109071,7.358393563028363,20.59732424571616,13.549417389969276
1850,10.842074060525375,4.63655505636769,7.350785854410475,20.576120738230284,13.536465808567822
1851,10.830536449963097,4.631239242256348,7.342736180095991,20.5543500790016,13.522972518411525
1852,10.818571756241049,4.625718462775045,7.334244540084909,20.532012268030115,13.508937519500394
1853,10.806179979359223,4.619992717923779,7.325310934377232,20.509107305315805,13.494360811834422
1854,10.793361119317632,4.614062007702554,7.31593536297296,20.48563519085869,13.479242395413618
1855,10.780115176116269,4.607926332111369,7.306117825872092,20.461595924658763,13.463582270237971
1856,10.766442149755132,4.601585691150221,7.295858323074625,20.43698950671602,13.447380436307492
1857,10.752342040234224,4.595040084819111,7.285156854580564,20.411815937030475,13.43063689362217
1858,10.737814847553544,4.58828951311804,7.274013420389904,20.386075215602112,13.413351642182013
1859,10.72286057171309,4.581333976047009,7.26242802050265,20.359767342430935,13.395524681987018
1860,10.707479212712864,4.574173473606016,7.2504006549188,20.33289231751695,13.377156013037185
1861,10.691670770552868,4.566808005795062,7.237931323638353,20.305450140860152,13.358245635332514
1862,10.675435245233098,4.559237572614146,7.22502002666131,20.277440812460544,13.338793548873003
1863,10.658772636753556,4.5514621740632695,7.21166676398767,20.24886433231812,13.31879975365866
1864,10.641682945114248,4.543481810142432,7.197871535617435,20.21972070043289,13.298264249689478
1865,10.62416617031516,4.535296480851633,7.183634341550602,20.190009916804843,13.277187036965454
1866,10.606222312356303,4.526906186190873,7.168955181787174,20.159731981433985,13.255568115486595
1867,10.587851371237678,4.518310926160152,7.15383405632715,20.12888689432032,13.233407485252899
1868,10.569053346959278,4.50951070075947,7.138270965170529,20.097474655463845,13.210705146264367
1869,10.549828239521105,4.500505509988826,7.122265908317314,20.065495264864552,13.187461098520995
1870,10.530176048923162,4.491295353848222,7.1058188857674995,20.03294872252245,13.163675342022787
1871,10.510096775165444,4.481880232337655,7.08892989752109,19.999835028437534,13.13934787676974
1872,10.489590418247959,4.472260145457128,7.071598943578084,19.96615418260981,13.114478702761856
1873,10.468656978170698,4.462435093206638,7.053826023938481,19.931906185039267,13.089067819999132
1874,10.447296454933664,4.452405075586187,7.035611138602282,19.897091035725918,13.063115228481573
1875,10.42550884853686,4.442170092595777,7.016954287569489,19.86170873466975,13.036620928209176
1876,10.403294158980284,4.431730144235405,6.997855470840098,19.82575928187078,13.009584919181941
1877,10.380652386263938,4.421085230505073,6.9783146884141125,19.789242677329003,12.98200720139987
1878,10.357583530387817,4.410235351404777,6.9583319402915285,19.7521589210444,12.95388777486296
1879,10.334087591351924,4.3991805069345205,6.9379072264723485,19.714508013016992,12.925226639571214
1880,10.310164569156262,4.387920697094304,6.9170405469565726,19.67628995324677,12.896023795524627
1881,10.285814463800827,4.376455921884126,6.895731901744201,19.637504741733743,12.866279242723206
1882,10.26103727528562,4.3647861813039865,6.873981290835232,19.598152378477902,12.835992981166944
1883,10.23583300361064,4.352911475353885,6.851788714229668,19.55823286347924,12.805165010855847
1884,10.210201648775888,4.340831804033823,6.829154171927508,19.517746196737775,12.773795331789913
1885,10.184143210781365,4.3285471673438,6.8060776639287495,19.476692378253492,12.741883943969139
1886,10.15765768962707,4.316057565283816,6.782559190233397,19.435071408026406,12.709430847393527
1887,10.130745085313002,4.303362997853869,6.758598750841445,19.392883286056502,12.676436042063079
1888,10.103405397839165,4.290463465053963,6.734196345752901,19.350128012343795,12.642899527977791
1889,10.075638627205551,4.277358966884094,6.709351974967759,19.306805586888263,12.60882130513767
1890,10.04744477341217,4.264049503344265,6.68406563848602,19.262916009689928,12.574201373542708
1891,10.018823836459013,4.250535074434474,6.658337336307685,19.218459280748778,12.539039733192912
1892,9.989775816346087,4.236815680154723,6.6321670684327545,19.17343540006482,12.503336384088271
1893,9.960300713073389,4.22289132050501,6.605554834861227,19.127844367638044,12.467091326228799
1894,9.930398526640918,4.208761995485335,6.578500635593104,19.081686183468463,12.430304559614488
1895,9.900069257048676,4.1944277050957,6.551004470628385,19.034960847556068,12.39297608424534
1896,9.86931290429666,4.1798884493361035,6.523066339967067,18.98766835990086,12.355105900121348
1897,9.838129468384874,4.165144228206547,6.494686243609156,18.93980872050284,12.316694007242528
1898,9.806518949313315,4.150195041707026,6.465864181554647,18.89138192936201,12.277740405608863
1899,9.774481347081986,4.135040889837547,6.436600153803543,18.842387986478368,12.238245095220366
1900,9.742016661690883,4.119681772598105,6.406894160355843,18.792826891851913,12.198208076077028
1901,9.709124893140007,4.104117689988702,6.376746201211543,18.742698645482644,12.157629348178851
1902,9.675806041429361,4.088348642009338,6.34615627637065,18.692003247370565,12.11650891152584
1903,9.642060106558944,4.072374628660014,6.315124385833161,18.640740697515678,12.07484676611799
1904,9.607887088528752,4.056195649940727,6.2836505295990746,18.588910995917974,12.032642911955303
1905,9.57328698733879,4.039811705851479,6.251734707668392,18.536514142577463,11.989897349037776
1906,9.538259802989057,4.023222796392271,6.219376920041113,18.483550137494138,11.946610077365413
1907,9.502805535479553,4.006428921563101,6.18657716671724,18.430018980668006,11.902781096938213
1908,9.466924184810273,3.9894300813639694,6.153335447696767,18.375920672099056,11.858410407756173
1909,9.430615750981223,3.972226275794877,6.1196517629797,18.321255211787296,11.813498009819298
1910,9.3938802339924,3.9548175048558227,6.085526112566035,18.266022599732725,11.768043903127586
1911,9.356717633843806,3.937203768546808,6.0509584964557765,18.21022283593534,11.722048087681035
1912,9.319127950535439,3.919385066867832,6.015948914648918,18.15385592039515,11.675510563479644
1913,9.281111184067305,3.901361399818895,5.9804973671454675,18.09692185311214,11.62843133052342
1914,9.242667334439394,3.883132767399996,5.944603853945418,18.03942063408632,11.580810388812356
1915,9.203796401651712,3.8646991696111357,5.908268375048774,17.98135226331769,11.532647738346451
1916,9.164498385704261,3.846060606452316,5.871490930455533,17.92271674080625,11.483943379125716
1917,9.124773286597032,3.8272170779235335,5.834271520165696,17.863514066551996,11.434697311150137
1918,9.084621104330035,3.8081685840247896,5.796610144179262,17.80374424055493,11.384909534419725
1919,9.044041838903267,3.7889151247560857,5.758506802496232,17.743407262815055,11.334580048934471
1920,9.003035490316726,3.769456700117419,5.719961495116605,17.682503133332368,11.283708854694384
1921,8.961602058570412,3.7497933101087924,5.6809742220403825,17.621031852106867,11.232295951699456
1922,8.919741543664328,3.7299249547302042,5.641544983267564,17.558993419138556,11.180341339949692
1923,8.877453945598468,3.709851633981655,5.601673778798149,17.49638783442743,11.127845019445088
1924,8.834739264372839,3.689573347863144,5.561360608632137,17.433215097973495,11.074806990185651
1925,8.791597499987438,3.669090096374671,5.520605472769529,17.36947520977675,11.02122725217137
1926,8.748028652442267,3.648401879516239,5.479408371210326,17.305168169837188,10.967105805402255
1927,8.704032721737322,3.627508697287845,5.437769303954525,17.24029397815482,10.912442649878303
1928,8.659609707872601,3.6064105496894885,5.395688271002128,17.174852634729636,10.85723778559951
1929,8.614759610848116,3.585107436721172,5.353165272353136,17.10884413956164,10.801491212565885
1930,8.569482430663856,3.563599358382894,5.3102003080075475,17.042268492650837,10.745202930777419
1931,8.523778167319822,3.5418863146746546,5.266793377965362,16.97512569399722,10.688372940234114
1932,8.477836783997885,3.520042667462575,5.223382207929847,16.907353665132035,10.631283576323412
1933,8.432798059789247,3.4985145879433803,5.182593152120601,16.838579935242752,10.575628851369947
1934,8.388851957875769,3.4773764379831915,5.144863936240889,16.76874242586061,10.521691100761151
1935,8.345998478257462,3.456628217582007,5.110194560290712,16.69784113698561,10.46947032449703
1936,8.304237620934318,3.4362699267398296,5.078585024270072,16.62587606861776,10.41896652257758
1937,8.26356938590634,3.416301565456656,5.050035328178964,16.552847220757045,10.370179695002806
1938,8.223993773173527,3.3967231337324892,5.024545472017393,16.478754593403483,10.323109841772704
1939,8.185510782735879,3.3775346315673276,5.002115455785357,16.40359818655706,10.277756962887278
1940,8.148120414593395,3.358736058961172,4.982745279482855,16.327378000217777,10.234121058346522
1941,8.111822668746077,3.3403274159140217,4.966434943109889,16.250094034385647,10.192202128150443
1942,8.076617545193924,3.3223087024258766,4.953184446666458,16.171746289060653,10.152000172299031
1943,8.042505043936936,3.3046799184967375,4.942993790152561,16.092334764242807,10.113515190792295
1944,8.009485164975114,3.287441064126604,4.935862973568199,16.0118594599321,10.076747183630236
1945,7.977557908308458,3.2705921393154753,4.931791996913372,15.930320376128543,10.041696150812847
1946,7.946723273936966,3.254133144063353,4.93078086018808,15.847717512832126,10.00836209234013
1947,7.916981261860638,3.2380640783702352,4.932829563392324,15.764050870042853,9.976745008212086
1948,7.888331872079477,3.2223849422361246,4.9379381065261025,15.679320447760727,9.94684489842872
1949,7.860775104593481,3.207095735661018,4.9461064895894165,15.59352624598574,9.918661762990023
1950,7.83431095940265,3.192196458644918,4.957334712582264,15.506668264717902,9.892195601895999
1951,7.808939436506983,3.1776871111878235,4.971622775504647,15.418746503957204,9.867446415146652
1952,7.784660535906483,3.1635676932897336,4.988970678356565,15.329760963703649,9.844414202741977
1953,7.761474257601149,3.1498382049506506,5.009378421138019,15.239711643957243,9.823098964681975
1954,7.739380601590978,3.1364986461705717,5.032846003849006,15.148598544717975,9.803500700966644
1955,7.717362823463647,3.124506355547516,5.056841857441163,15.054909359543808,9.78363615600238
1956,7.694404178806833,3.1148186716794988,5.07883441286612,14.957131781992695,9.761522074195579
1957,7.670504667620536,3.107435594566521,5.098823670123878,14.855265812064637,9.737158455546238
1958,7.645664289904755,3.1023571242085834,5.116809629214436,14.749311449759638,9.71054530005436
1959,7.619883045659491,3.0995832606056846,5.132792290137796,14.63926869507769,9.681682607719946
1960,7.593160934884742,3.099114003757824,5.146771652893956,14.525137548018796,9.650570378542989
1961,7.565497957580511,3.1009493536650035,5.1587477174829175,14.406918008582961,9.617208612523497
1962,7.536894113746796,3.1050893103272226,5.168720483904679,14.284610076770184,9.581597309661467
1963,7.507349403383598,3.11153387374448,5.17668995215924,14.158213752580455,9.543736469956894
1964,7.476863826490914,3.1202830439167766,5.182656122246601,14.027729036013785,9.503626093409787
1965,7.445437383068745,3.131336820844111,5.186618994166755,13.893155927070163,9.46126618002014
1966,7.413070073117087,3.144695204526486,5.188578567919699,13.7544944257496,9.416656729787952
1967,7.379761896635938,3.1603581949638984,5.18853484350542,13.611744532052091,9.369797742713228
1968,7.345512853625283,3.178325792156346,5.1864878209238805,13.46490624597763,9.320689218795964
1969,7.3103229440850965,3.1985979961038264,5.182437500175019,13.313979567526209,9.269331158036163
1970,7.274192168015325,3.2211748068063293,5.176383881258681,13.158964496697811,9.215723560433824
1971,7.237120525415847,3.2460562242638322,5.168326964174536,12.999861033492389,9.159866425988943
1972,7.199108016286389,3.273242248476281,5.1582667489218625,12.836669177909846,9.10175975470152
1973,7.167131448284154,3.3017426003661736,5.147683320599829,12.692236971365485,9.05214863884594
1974,7.148167629065602,3.3305670008558352,5.1380567643057,12.589412455274262,9.02177817069657
1975,7.142216558627738,3.3597154499445874,5.129387080031811,12.528195629634743,9.010648350253383
1976,7.149278236963867,3.389187947630841,5.1216742677613265,12.508586494443458,9.018759177516333
1977,7.169352664058964,3.418984493910866,5.114918327457266,12.530585049692013,9.04611065248526
1978,7.2024398398792435,3.449105088775924,5.109119259038368,12.594191295360028,9.092702775159738
1979,7.248539764348477,3.4795497322055158,5.104277062326038,12.699405231397835,9.158535545538598
1980,7.307652437294312,3.5103184241515883,5.100391736927718,12.846226857684135,9.243608963618597
1981,7.379777858325947,3.5414111645014725,5.097463281980359,13.034656173921743,9.347923029390802
1982,7.4649160265548655,3.5728279529909974,5.095491695586174,13.264693179380746,9.471477742830466
1983,7.5630669399554735,3.604568789000759,5.094476973571277,13.536337872264026,9.614273103868948
1984,7.674230593897279,3.6366336710784393,5.094419106754128,13.84959024813723,9.776309112315616
1985,7.7984069777656515,3.6690225958187406,5.095318074933784,14.20445029603654,9.957585767640154
1986,7.922206500226763,3.699859039515069,5.096622844841156,14.560327550990856,10.138428010479078
1987,8.032239539246534,3.7272664678371066,5.097782329960538,14.87663150981557,10.29916077890083
1988,8.128505969741385,3.75124483739511,5.098796315497771,15.153362014436489,10.439784061802825
1989,8.211005506699086,3.7717940470130773,5.099664329128964,15.390518681885252,10.560297828702266
1990,8.279737500323554,3.7889138609837585,5.100385332265589,15.588100586722012,10.660701996067429
1991,8.334700467987727,3.802603730682515,5.100957041247571,15.746105498254355,10.740996335428687
1992,8.375891023417786,3.812862380304025,5.101374434964347,15.864528052948035,10.801180223056681
1993,8.403301423000284,3.8196868457255055,5.101626474160461,15.943355386505807,10.841251959301115
1994,8.416913933353586,3.823070246776604,5.101688890929861,15.982556721214552,10.861206921220376
1995,8.416687877263053,3.8229966295862474,5.101508347455495,15.982058609840607,10.861032558183185
1996,8.402529783041555,3.819429042496003,5.10096766306693,15.941686251211816,10.840694862048016
1997,8.37634961871619,3.8128113728331487,5.099832022276239,15.8671338727236,10.803206522833035
1998,8.350398643364992,3.8061217303574018,5.097672230062099,15.794064569409612,10.766945699560832
1999,8.325636463871161,3.799431460053703,5.093280894302107,15.726214368601962,10.734337351537642
2000,8.299354214178313,3.791690009316834,5.083999044629691,15.657952072422406,10.703539086947604
2001,8.265307427879177,3.7805267907812627,5.064192273800312,15.576080612448898,10.669583005904148
2002,8.209455108528262,3.7607931532979944,5.02244070776489,15.450596342283262,10.619269520337955
2003,8.102182243250688,3.722267433097574,4.937785438003383,15.21814508050382,10.518930945171453
2004,7.890145924848738,3.648617260496144,4.77969340834282,14.767224793269927,10.29178214662585
2005,7.510514566504361,3.5259801255939105,4.525647087094513,13.979347791975563,9.809884260298702
2006,6.971042773276279,3.367379037761921,4.201962097541245,12.901968668461167,9.013853865272111
2007,6.426326830438078,3.218936084180959,3.8925752453726856,11.851223233547925,8.140670195722256
2008,6.042812817812937,3.116786315852932,3.6682640983797863,11.118607634490807,7.528121833595121
2009,5.8362001736170885,3.0605231190715823,3.5361353974982586,10.719773303190738,7.220601710826194
2010,5.73980571181752,3.0332162140535233,3.4676201399466353,10.530840294271156,7.091579922199725
2011,5.697690549118961,3.020803805399672,3.4344323554736556,10.44748515552329,7.041640600861107
2012,5.679724729915693,3.0153255592102384,3.4188875555250626,10.411820694727444,7.022893029399154
2013,5.672090953520367,3.0129336524502017,3.4117209851476633,10.396705867024295,7.015903339533653
2014,5.668826006365668,3.011889870096523,3.408441014073762,10.39028107359238,7.013275637218558
2015,5.667406891459777,3.0114304653454687,3.4069447332577787,10.387505282590595,7.0122585217178335
2016,5.666771051333175,3.011223833775922,3.4062630458982768,10.386260259298666,7.011836936083849
2017,5.666470304682967,3.0111267350041833,3.405952554581222,10.385660179201224,7.011637548409167
2018,5.666314866281026,3.0110774309452553,3.405811050271755,10.385335338158528,7.0115232039110005
2019,5.666223987524102,3.0110493370714178,3.4057464534780757,10.385131566172284,7.011443535422061
2020,5.666163143419512,3.0110310107064526,3.4057168624721914,10.384984595179988,7.0113800494689436
2021,5.666117502196917,3.0110175274864206,3.4057032152942672,10.384867637926899,7.011325956117328
2022,5.666080663636547,3.0110067683671513,3.405696841477121,10.384769530010335,7.011278762471522
2023,5.666049854408455,3.0109978215143665,3.405693797447992,10.384685618438109,7.011237553281572
2024,5.666023868167222,3.0109902945670015,3.4056922896106894,10.384613963999222,7.011201992520251
2025,5.660606313986932,2.9954418762790875,3.4056915022214054,10.384553758498285,7.011171956817684
2026,5.652722713233522,2.97277971920155,3.4056910642746785,10.384504665107972,7.011147400879538
2027,5.636206491628828,2.95142400772181,3.4056908070353202,10.32696984747677,7.011128308076315
2028,5.620724772867654,2.9313022076937316,3.405690653761802,10.273257656726074,7.011114672302612
2029,5.584120912754214,2.9123455076315525,3.394291794901439,10.225754512956147,6.935378348733614
2030,5.546390770110009,2.894488663364045,3.374073057870408,10.18376316675127,6.86371883139775
2031,5.512014263384366,2.877669844815511,3.3558278257542433,10.14666069478799,6.798179741888123
2032,5.480695492194537,2.861830485515483,3.3393701376041793,10.113891498713654,6.738273787789178
2033,5.452163328549152,2.846915135334247,3.3245302874832814,10.084960749081391,6.68354657385365
2034,5.426169675999339,2.8328713168489625,3.311153648850011,10.059428301156737,6.633575429199135
2035,5.402487779271768,2.819649385662629,3.299099534157272,10.036903090459502,6.587968067181765
2036,5.380910600317684,2.8072023949265,3.2882401004775668,10.01703800211382,6.546361130741409
2037,5.361249271687322,2.795485964252802,3.278459308558528,9.999525198367584,6.508418666968972
2038,5.343331634131305,2.7844581531497234,3.2696519399806445,9.984091882109773,6.473830566663616
2039,5.327000862174267,2.7740793390627445,3.261722674927421,9.970496470120539,6.442310997690175
2040,5.312114178956697,2.7643121000650095,3.254585231395429,9.958525147537488,6.413596854953496
2041,5.298541659773159,2.7551211022041344,3.2481615653856415,9.947988774135451,6.38744624469775
2042,5.286165122341303,2.7464729914827513,3.2423811306568755,9.938720113119846,6.363637016530383
2043,5.2748771008250035,2.7383362904245674,3.2371801959257356,9.930571353932535,6.341965352972498
2044,5.264579899930877,2.730681299156642,3.2325012169136333,9.923411901838334,6.322244423364868
2045,5.2551847249357495,2.7234800009207216,3.2282922603260573,9.917126408627693,6.304303106528352
2046,5.2466108832318845,2.716705971912534,3.224506476666495,9.911613020509389,6.2879847846138395
2047,5.238785052852825,2.7103342953360263,3.221101618707125,9.906781821079575,6.273146209010542
2048,5.231640613431446,2.7043414795508807,3.218039602436226,9.90255344907391,6.259656437951014
2049,5.225117035114122,2.6987053801846654,3.2152861073582475,9.898857872388227,6.2473958445018765
2050,5.219159321088526,2.6934051260759997,3.212810213120973,9.895633301557861,6.236255192913419
